,artist,track,track_pop,duration_ms,album_name
20449,"Tyler, The Creator",See You Again (feat. Kali Uchis),96,180386,Flower Boy
16299,Arctic Monkeys,I Wanna Be Yours,96,183956,AM
18599,OneRepublic,I Ain't Worried,95,148485,"I Ain’t Worried (Music From The Motion Picture ""Top Gun: Maverick"")"
18449,David Guetta,I'm Good (Blue),95,175238,I'm Good (Blue)
18399,SZA,Kill Bill,95,153946,SOS
17699,Taylor Swift,Anti-Hero,95,200690,Midnights
0,The Weeknd,Blinding Lights,94,200040,After Hours
11,The Weeknd,Starboy,94,230453,Starboy
15299,Bizarrap,"Quevedo: Bzrp Music Sessions, Vol. 52",94,198937,"Quevedo: Bzrp Music Sessions, Vol. 52"
14,Harry Styles,As It Was,94,167303,Harry's House
13999,Bad Bunny,Me Porto Bonito,93,178567,Un Verano Sin Ti
1899,Coldplay,Yellow,93,266773,Parachutes
22,The Neighbourhood,Sweater Weather,93,240400,I Love You.
18099,Ruth B.,Dandelions,92,233720,Safe Haven
16399,Eminem,Mockingbird,92,250760,Encore (Deluxe Version)
18,Harry Styles,Watermelon Sugar,92,174000,Fine Line
13449,The Weeknd,Die For You,92,260253,Starboy
3,Lewis Capaldi,Someone You Loved,92,182160,Divinely Uninspired To A Hellish Extent
10,Ed Sheeran,Perfect,92,263400,÷ (Deluxe)
16,Billie Eilish,lovely (with Khalid),91,200185,lovely (with Khalid)
17299,Bad Bunny,Ojitos Lindos,91,258298,Un Verano Sin Ti
7449,Coldplay,Viva La Vida,91,242373,Viva La Vida or Death and All His Friends
4849,Bruno Mars,When I Was Your Man,91,213826,Unorthodox Jukebox
15349,Tears For Fears,Everybody Wants To Rule The World,91,251488,Songs From The Big Chair (Super Deluxe Edition)
4,Post Malone,Sunflower - Spider-Man: Into the Spider-Verse,91,158040,Spider-Man: Into the Spider-Verse (Soundtrack From & Inspired by the Motion Picture)
17749,Miley Cyrus,Flowers,91,200600,Endless Summer Vacation
17199,One Direction,Night Changes,91,226600,FOUR (Deluxe)
6999,The Weeknd,Save Your Tears,90,215626,After Hours
6649,a-ha,Take on Me,90,225280,Hunting High and Low
10549,The Weeknd,Call Out My Name,90,228373,"My Dear Melancholy,"
10149,Eminem,The Real Slim Shady,90,284200,The Marshall Mathers LP
13849,Arctic Monkeys,Why'd You Only Call Me When You're High?,90,161123,AM
17099,Manuel Turizo,La Bachata,90,162637,La Bachata
1,Ed Sheeran,Shape of You,90,233712,÷ (Deluxe)
5249,The Police,Every Breath You Take,90,253920,Synchronicity (Remastered 2003)
49,Calvin Harris,One Kiss (with Dua Lipa),90,214846,One Kiss (with Dua Lipa)
18649,Bad Bunny,Efecto,90,213061,Un Verano Sin Ti
16349,Justin Bieber,Ghost,90,153190,Justice
29,Post Malone,Circles,90,215280,Hollywood's Bleeding
19399,XXXTENTACION,Revenge,89,120026,17
24,Ed Sheeran,Photograph,89,258986,x (Deluxe Edition)
15,James Arthur,Say You Won't Let Go,89,211466,Back from the Edge
13149,Conan Gray,Heather,89,198040,Kid Krow
5049,Guns N' Roses,Sweet Child O' Mine,89,356066,Appetite For Destruction
13549,Ed Sheeran,Shivers,89,207853,=
4199,Linkin Park,In the End,89,216880,Hybrid Theory (Bonus Edition)
12149,Coolio,Gangsta's Paradise,89,240693,Gangsta's Paradise
13749,Olivia Rodrigo,traitor,89,229226,SOUR
11249,Bon Jovi,Livin' On A Prayer,89,249293,Slippery When Wet
2049,Shawn Mendes,There's Nothing Holdin' Me Back,89,199440,Illuminate (Deluxe)
10199,Shakira,Hips Don't Lie (feat. Wyclef Jean),89,218093,"Oral Fixation, Vol. 2 (Expanded Edition)"
9699,J Balvin,LA CANCIÓN,89,242573,OASIS
25,The Chainsmokers,Something Just Like This,89,247160,Memories...Do Not Open
7349,Avicii,The Nights,89,176658,The Days / Nights
8749,Alec Benjamin,Let Me Down Slowly,89,169353,Narrated For You
3349,Coldplay,The Scientist,89,309600,A Rush of Blood to the Head
149,Olivia Rodrigo,good 4 u,89,178146,SOUR
15049,Coldplay,A Sky Full of Stars,89,267866,Ghost Stories
23,Drake,God's Plan,88,198973,Scorpion
12199,Doja Cat,Woman,88,172626,Planet Her
45,Kendrick Lamar,HUMBLE.,88,177000,DAMN.
17599,Billie Eilish,Happier Than Ever,88,298899,Happier Than Ever
5199,TOTO,Africa,88,295893,Toto IV
15399,The Neighbourhood,Daddy Issues,88,260173,Wiped Out!
18949,Kate Bush,Running Up That Hill (A Deal With God),88,298933,Hounds Of Love
12899,Olivia Rodrigo,deja vu,88,215506,SOUR
7999,The White Stripes,Seven Nation Army,88,232106,Elephant
2099,Eminem,Till I Collapse,88,297786,The Eminem Show
4399,Ed Sheeran,Bad Habits,88,230746,=
1949,Bruno Mars,That's What I Like,88,206693,24K Magic
31,John Legend,All of Me,88,269560,Love In The Future (Expanded Edition)
249,Olivia Rodrigo,drivers license,88,242013,SOUR
18749,Creedence Clearwater Revival,Fortunate Son,88,140773,Willy And The Poor Boys (Expanded Edition)
8799,Linkin Park,Numb,88,185586,Meteora
35,Travis Scott,goosebumps,88,243836,Birds In The Trap Sing McKnight
9149,Juice WRLD,All Girls Are The Same,88,165819,Goodbye & Good Riddance
8899,Tame Impala,The Less I Know The Better,88,216320,Currents
39,Twenty One Pilots,Stressed Out,88,202333,Blurryface
10749,Fleetwood Mac,Dreams - 2004 Remaster,88,257800,Rumours (Super Deluxe)
6249,Harry Styles,Adore You,88,207133,Fine Line
10999,AC/DC,Highway to Hell,88,208400,Highway to Hell
18049,Coldplay,Paradise,88,278719,Mylo Xyloto
3849,Lewis Capaldi,Before You Go,88,215106,Divinely Uninspired To A Hellish Extent (Extended Edition)
13799,Coldplay,Hymn for the Weekend,87,258266,A Head Full of Dreams
3149,Journey,Don't Stop Believin',87,250986,Escape (Bonus Track Version)
13899,XXXTENTACION,Hope,87,110886,?
3099,Charlie Puth,Attention,87,208786,Voicenotes
3499,Bruno Mars,Just the Way You Are,87,220734,Doo-Wops & Hooligans
14099,Gorillaz,Feel Good Inc.,87,222640,Demon Days
11949,The Goo Goo Dolls,Iris,87,289533,Dizzy up the Girl
4449,Foster The People,Pumped Up Kicks,87,239600,Torches
9199,AC/DC,Back In Black,87,255493,Back In Black
7649,Drake,Passionfruit,87,298940,More Life
8049,Eagles,Hotel California - 2013 Remaster,87,391376,Hotel California (2013 Remaster)
8199,Måneskin,Beggin',87,211560,Chosen
8549,Harry Styles,Sign of the Times,87,340706,Harry Styles
8599,Calvin Harris,Summer,87,222533,Motion
5,Post Malone,rockstar (feat. 21 Savage),87,218146,beerbongs & bentleys
9999,Kendrick Lamar,All The Stars (with SZA),87,232186,Black Panther The Album Music From And Inspired By
12399,AC/DC,Thunderstruck,87,292880,The Razors Edge
23799,Taylor Swift,Look What You Made Me Do,87,211853,reputation
6149,WALK THE MOON,Shut Up and Dance,87,199080,TALKING IS HARD
11149,Maroon 5,Maps,87,189960,V
11549,Coldplay,Fix You,87,295533,X&Y
11849,Lil Baby,Drip Too Hard (Lil Baby & Gunna),87,145542,Drip Harder
12299,Ariana Grande,One Last Time,87,197266,My Everything (Deluxe)
21,Ed Sheeran,Thinking out Loud,87,281560,x (Deluxe Edition)
14399,Rihanna,Love On The Brain,87,224000,ANTI (Deluxe)
19599,ABBA,Dancing Queen,87,230400,Arrival
17649,The Beatles,Here Comes The Sun - Remastered 2009,87,185733,Abbey Road (Remastered)
99,Travis Scott,SICKO MODE,87,312820,ASTROWORLD
1649,French Montana,Unforgettable,87,233901,Jungle Rules
34,Ariana Grande,7 rings,87,178626,"thank u, next"
999,Mark Ronson,Uptown Funk (feat. Bruno Mars),87,269666,Uptown Special
499,Sam Smith,Stay With Me,87,172723,In The Lonely Hour
1399,Dua Lipa,Levitating (feat. DaBaby),87,203064,Future Nostalgia
30,Justin Bieber,Love Yourself,87,233720,Purpose (Deluxe)
1199,Maroon 5,Memories,87,189486,JORDI (Deluxe)
7799,Billie Eilish,everything i wanted,87,245425,everything i wanted
16199,R.E.M.,Losing My Religion,87,268426,Out Of Time (25th Anniversary Edition)
19299,J. Cole,Wet Dreamz,87,239266,2014 Forest Hills Drive
27,Lady Gaga,Shallow,87,215733,A Star Is Born Soundtrack
199,DJ Snake,Let Me Love You,87,205946,Encore
22999,One Direction,Story of My Life,86,245493,Midnight Memories (Deluxe)
19949,Britney Spears,Toxic,86,198800,In The Zone
10499,Offset,Ric Flair Drip (with Metro Boomin),86,172800,Without Warning
12799,Bad Bunny,Yonaguni,86,206710,Yonaguni
18199,Kendrick Lamar,Money Trees,86,386906,"good kid, m.A.A.d city"
17999,Bryson Tiller,Don't,86,198293,T R A P S O U L
12749,Dr. Dre,Still D.R.E.,86,270586,2001
4949,Panic! At The Disco,High Hopes,86,190946,Pray for the Wicked
13349,Lynyrd Skynyrd,Sweet Home Alabama,86,283800,Second Helping (Expanded Edition)
17949,Capital Cities,Safe And Sound,86,192789,In A Tidal Wave Of Mystery (Deluxe Edition)
11999,Avicii,Waiting For Love,86,230613,Stories
5999,Travis Scott,HIGHEST IN THE ROOM,86,175720,HIGHEST IN THE ROOM
5749,Justin Bieber,Peaches (feat. Daniel Caesar & Giveon),86,198081,Justice
11599,Adele,Easy On Me,86,224694,30
13099,Eminem,Godzilla (feat. Juice WRLD),86,210800,Music To Be Murdered By
15549,Outkast,Hey Ya!,86,235213,Speakerboxxx/The Love Below
17849,Usher,Yeah! (feat. Lil Jon & Ludacris),86,250373,Confessions (Expanded Edition)
3549,Twenty One Pilots,Ride,86,214506,Blurryface
16499,Kendrick Lamar,LOVE. FEAT. ZACARI.,86,213400,DAMN.
48,Marshmello,Happier,86,214289,Happier
14949,Joji,SLOW DANCING IN THE DARK,86,209273,BALLADS 1
19049,A$AP Rocky,Praise The Lord (Da Shine) (feat. Skepta),86,205040,TESTING
8649,XXXTENTACION,Everybody Dies In Their Nightmares,86,95466,17
15899,Eurythmics,Sweet Dreams (Are Made of This) - Remastered,86,216933,Sweet Dreams (Are Made Of This)
17,Billie Eilish,bad guy,86,194087,"WHEN WE ALL FALL ASLEEP, WHERE DO WE GO?"
36,XXXTENTACION,Jocelyn Flores,86,119133,17
4099,Calvin Harris,This Is What You Came For,86,222160,This Is What You Came For
9349,Train,"Hey, Soul Sister",86,216773,"Save Me, San Francisco (Golden Gate Edition)"
2849,Billie Eilish,when the party's over,86,196077,"WHEN WE ALL FALL ASLEEP, WHERE DO WE GO?"
11499,Eminem,Love The Way You Lie,86,263373,Recovery
18799,Jhayco,No Me Conoce - Remix,86,309120,Famouz
42,Lil Uzi Vert,XO Tour Llif3,85,182706,Luv Is Rage 2
44,Macklemore & Ryan Lewis,Can't Hold Us (feat. Ray Dalton),85,258342,The Heist
649,Halsey,Without Me,85,201660,Manic
18849,Lady Gaga,Always Remember Us This Way,85,210200,A Star Is Born Soundtrack (Without Dialogue)
24549,Red Hot Chili Peppers,Can't Stop,85,269000,By the Way (Deluxe Edition)
799,Post Malone,Better Now,85,231266,beerbongs & bentleys
10949,Ariana Grande,positions,85,172324,Positions
10799,Pitbull,Timber (feat. Ke$ha),85,204160,Global Warming: Meltdown (Deluxe Version)
19449,Whitney Houston,I Wanna Dance with Somebody (Who Loves Me),85,291293,Whitney
9649,MAGIC!,Rude,85,224840,Don't Kill the Magic
849,Post Malone,Congratulations,85,220293,Stoney (Deluxe)
5399,DNCE,Cake By The Ocean,85,219146,DNCE
13699,Kings of Leon,Sex on Fire,85,203346,Only By The Night
12999,Don Omar,Danza Kuduro,85,198773,Meet The Orphans
3899,Post Malone,Wow.,85,149546,Hollywood's Bleeding
2349,Lukas Graham,7 Years,85,237300,Lukas Graham
16649,Sam Smith,Unholy (feat. Kim Petras),85,156943,Gloria
16449,Pitbull,Time of Our Lives,85,229360,Globalization
17799,Coldplay,My Universe,85,226198,Music Of The Spheres
2599,Maroon 5,Sugar,85,235493,V
1799,Roddy Ricch,The Box,85,196652,Please Excuse Me for Being Antisocial
1749,BTS,Dynamite,85,199053,BE
19,Dua Lipa,Don't Start Now,85,183290,Future Nostalgia
4649,Danny Ocean,Me Rehúso,85,205714,54+1
1699,XXXTENTACION,Moonlight,85,135090,?
22399,Daft Punk,Get Lucky (Radio Edit) [feat. Pharrell Williams and Nile Rodgers],85,248413,Get Lucky (Radio Edit) [feat. Pharrell Williams and Nile Rodgers]
12549,Tate McRae,you broke me first,85,169265,you broke me first
15249,J. Cole,MIDDLE CHILD,85,213593,MIDDLE CHILD
17499,Bruno Mars,Talking to the Moon,85,217866,Doo-Wops & Hooligans
22449,Swedish House Mafia,Don't You Worry Child - Radio Edit,85,212862,Don't You Worry Child
12349,Backstreet Boys,I Want It That Way,85,213306,Millennium
15749,Bruno Mars,Leave The Door Open,85,242096,An Evening With Silk Sonic
14999,The Weeknd,Save Your Tears (with Ariana Grande) (Remix),84,191013,Save Your Tears (Remix)
24849,Lil Baby,Yes Indeed,84,142273,Harder Than Ever
14349,Maroon 5,Animals,84,231013,V
22149,The Weeknd,Save Your Tears (Remix) (with Ariana Grande) - Bonus Track,84,191013,After Hours (Deluxe)
14049,Taylor Swift,Blank Space,84,231826,1989
22949,Bruno Mars,Treasure,84,178560,Unorthodox Jukebox
8699,XXXTENTACION,Look At Me!,84,126345,Look At Me!
16549,Selena Gomez,Lose You To Love Me,84,206458,Rare
16699,Gym Class Heroes,Stereo Hearts (feat. Adam Levine),84,210960,The Papercut Chronicles II
16749,Daniel Caesar,Best Part (feat. H.E.R.),84,209831,Freudian
16949,Imagine Dragons,Natural,84,189466,Origins (Deluxe)
20149,Ariana Grande,Stuck with U (with Justin Bieber),84,228482,Stuck with U
18249,Fall Out Boy,Centuries,84,228360,American Beauty/American Psycho
12449,MKTO,Classic,84,175426,MKTO
17549,Doja Cat,Need to Know,84,210560,Planet Her
7949,Jonas Brothers,Sucker,84,181026,Happiness Begins
11349,Lil Tecca,Ransom,84,131240,We Love You Tecca
2549,Luis Fonsi,Despacito,84,229360,VIDA
299,Justin Bieber,Sorry,84,200786,Purpose (Deluxe)
5949,XXXTENTACION,Fuck Love (feat. Trippie Redd),84,146520,17
13,Shawn Mendes,Señorita,84,190799,Shawn Mendes (Deluxe)
5699,Khalid,Young Dumb & Broke,84,202546,American Teen
6499,Michael Jackson,Billie Jean,84,293826,Thriller 25 Super Deluxe Edition
4599,Doja Cat,Kiss Me More (feat. SZA),84,208666,Planet Her
4549,Powfu,death bed (coffee for your head),84,173333,death bed (coffee for your head)
32,XXXTENTACION,SAD!,84,166605,?
38,Vance Joy,Riptide,84,204280,Dream Your Life Away (Special Edition)
2799,Twenty One Pilots,Heathens,84,195920,Heathens
6949,Christina Perri,A Thousand Years,84,285120,A Thousand Years
2699,5 Seconds of Summer,Youngblood,84,203417,Youngblood (Deluxe)
7099,Martin Garrix,In the Name of Love,84,195706,In the Name of Love
47,Dua Lipa,New Rules,84,209320,Dua Lipa (Deluxe)
6199,Anne-Marie,2002,84,186986,Speak Your Mind (Deluxe)
1349,Ariana Grande,"thank u, next",84,207320,"thank u, next"
2149,Shawn Mendes,Stitches,84,206880,Handwritten
1549,24kGoldn,Mood (feat. iann dior),84,140533,El Dorado
20049,Joji,Glimpse of Us,83,233456,SMITHEREENS
5299,Marshmello,Silence,83,180822,Silence
2399,Jason Mraz,I'm Yours,83,242946,We Sing. We Dance. We Steal Things.
9949,Axwell /\ Ingrosso,More Than You Know,83,203000,More Than You Know
3699,Ava Max,Sweet but Psycho,83,187436,Heaven & Hell
4499,Dua Lipa,IDGAF,83,217946,Dua Lipa (Deluxe)
8149,Zara Larsson,Lush Life,83,201122,So Good
8099,Daddy Yankee,Con Calma,83,193226,Con Calma
5449,Zedd,The Middle,83,184732,The Middle
23699,Smash Mouth,All Star,83,200373,Astro Lounge
10649,Maroon 5,She Will Be Loved - Radio Mix,83,259453,Songs About Jane: 10th Anniversary Edition
1449,Lil Nas X,MONTERO (Call Me By Your Name),83,137704,MONTERO
23349,Kanye West,Gold Digger,83,207626,Late Registration
6349,NF,Let You Down,83,212120,Perception
7899,Bruno Mars,24K Magic,83,225983,24K Magic
19999,Kodaline,All I Want,83,305746,In A Perfect World (Expanded Edition)
19249,Ali Gatie,It's You,83,212606,YOU
19149,Lil Peep,Falling Down - Bonus Track,83,196400,"Come Over When You're Sober, Pt. 2"
9399,Ed Sheeran,Galway Girl,83,170826,÷ (Deluxe)
16099,Meek Mill,Going Bad (feat. Drake),83,180522,Championships
9249,Regard,Ride It,83,157605,Ride It
43,Camila Cabello,Havana (feat. Young Thug),83,217306,Camila
15799,Lorde,Royals,83,190185,Pure Heroine
19099,Kendrick Lamar,DNA.,83,185946,DAMN.
8499,Ed Sheeran,Castle on the Hill,83,261153,÷ (Deluxe)
17399,The Fray,How to Save a Life,83,262533,How To Save A Life
2949,Post Malone,I Fall Apart,83,223346,Stoney (Deluxe)
15449,Calum Scott,Dancing On My Own,83,260285,Only Human (Deluxe)
12049,Robin Schulz,Sugar (feat. Francesco Yates),82,219043,Sugar
2449,Nirvana,Smells Like Teen Spirit,82,301920,Nevermind (Remastered)
7849,Selena Gomez,Wolves,82,197993,Wolves
16149,Tiësto,The Business,82,164000,The Business
11899,Post Malone,Goodbyes (feat. Young Thug),82,174853,Hollywood's Bleeding
21899,Katy Perry,Roar,82,223546,PRISM
19699,Calvin Harris,How Deep Is Your Love,82,212640,How Deep Is Your Love
1499,Bad Bunny,DÁKITI,82,205090,EL ÚLTIMO TOUR DEL MUNDO
1999,Sia,Cheap Thrills,82,211666,This Is Acting
3249,benny blanco,Eastside (with Halsey & Khalid),82,170769,FRIENDS KEEP SECRETS
21849,Coldplay,Adventure of a Lifetime,82,263786,A Head Full of Dreams
4749,ZAYN,Dusk Till Dawn (feat. Sia) - Radio Edit,82,239000,Icarus Falls
549,Lil Nas X,INDUSTRY BABY (feat. Jack Harlow),82,212352,MONTERO
3799,Cardi B,I Like It,82,253390,Invasion of Privacy
22649,Miley Cyrus,We Can't Stop,82,231240,Bangerz (Deluxe Version)
14299,Joel Corry,Head & Heart (feat. MNEK),82,166028,Head & Heart (feat. MNEK)
18699,Pop Smoke,For The Night (feat. Lil Baby & DaBaby),82,190476,Shoot For The Stars Aim For The Moon
21499,R. City,Locked Away (feat. Adam Levine),82,227480,What Dreams Are Made Of
9849,Jessie J,Bang Bang,82,199386,Sweet Talker (Deluxe Version)
24499,Red Hot Chili Peppers,Snow (Hey Oh),82,334666,Stadium Arcadium
10599,Portugal. The Man,Feel It Still,82,163253,Woodstock
9449,Cardi B,WAP (feat. Megan Thee Stallion),82,187541,WAP (feat. Megan Thee Stallion)
10849,Drake,Nice For What,82,210746,Scorpion
6699,Dynoro,In My Mind,82,184560,In My Mind
22799,Meghan Trainor,Like I'm Gonna Lose You (feat. John Legend),81,225053,Title (Deluxe)
10349,Martin Garrix,Scared to Be Lonely,81,220883,Scared to Be Lonely
16999,Post Malone,White Iverson,81,256533,Stoney (Deluxe)
3649,Justin Bieber,What Do You Mean?,81,205680,Purpose (Deluxe)
5099,Ellie Goulding,"Love Me Like You Do - From ""Fifty Shades Of Grey""",81,252534,Delirium (Deluxe)
18999,Rihanna,FourFiveSeconds,81,188238,FourFiveSeconds
2649,DaBaby,ROCKSTAR (feat. Roddy Ricch),81,181733,BLAME IT ON BABY
3949,Dean Lewis,Be Alright,81,196493,A Place We Knew
13399,Maluma,Hawái,81,199112,PAPI JUANCHO
10249,blackbear,hot girl bummer,81,188343,everything means nothing
3999,Trevor Daniel,Falling,81,159381,Nicotine
24449,George Ezra,Shotgun,81,201287,Staying at Tamara's
23899,Shakira,Chantaje (feat. Maluma),81,195840,El Dorado
7199,XXXTENTACION,changes,81,121886,?
13249,BTS,Butter,81,164952,Proof
4299,Post Malone,Psycho (feat. Ty Dolla $ign),81,221440,beerbongs & bentleys
23649,Post Malone,Go Flex,81,179613,Stoney (Deluxe)
12249,Doja Cat,Say So,81,237893,Hot Pink
449,Eminem,Lose Yourself,81,326466,Curtain Call: The Hits (Deluxe Edition)
5799,Marshmello,FRIENDS,81,202620,FRIENDS
9599,Khalid,Better,81,229320,Suncity
19499,Drake,Nonstop,81,238614,Scorpion
24949,Ariana Grande,God is a woman,81,197546,Sweetener
3299,Lil Nas X,Old Town Road - Remix,81,157066,7 EP
24249,G-Eazy,Him & I (with Halsey),81,268866,The Beautiful & Damned
5899,gnash,"i hate u, i love u (feat. olivia o'brien)",81,251033,us
8249,Drake,Hotline Bling,81,267066,Views
9099,ZAYN,PILLOWTALK,81,202746,Mind Of Mine (Deluxe Edition)
23499,Kanye West,POWER,81,292093,My Beautiful Dark Twisted Fantasy
12099,Miley Cyrus,Party In The U.S.A.,81,202066,The Time Of Our Lives
9049,Lord Huron,The Night We Met,81,208211,Strange Trails
14849,Topic,Breaking Me,80,166793,Breaking Me
13949,Rauw Alejandro,Todo De Ti,80,199604,VICE VERSA
8999,G-Eazy,"Me, Myself & I",80,251466,When It's Dark Out
7049,Clean Bandit,Symphony (feat. Zara Larsson),80,212733,What Is Love? (Deluxe Edition)
14699,Metallica,Enter Sandman (Remastered),80,331560,Metallica (Remastered)
15949,Dua Lipa,Break My Heart,80,221820,Future Nostalgia
13599,Katy Perry,Dark Horse,80,215672,PRISM (Deluxe)
6749,Khalid,Location,80,219080,American Teen
20849,Flo Rida,My House,80,192190,My House
24149,Zion & Lennox,Otra vez (feat. J Balvin),80,209453,Motivan2
24699,Ozuna,Vaina Loca,80,176133,Aura
16799,Loud Luxury,Body,80,163216,Body
7699,Ariana Grande,no tears left to cry,80,205920,Sweetener
18149,Keane,Somewhere Only We Know,80,236160,Hopes And Fears
18349,Nirvana,Come As You Are,80,218920,Nevermind (Remastered)
17249,Taylor Swift,Shake It Off,80,219200,1989
8299,Bad Bunny,Callaita,80,250533,Callaita
10299,Snoop Dogg,"Young, Wild & Free (feat. Bruno Mars)",80,207333,"Young, Wild & Free (feat. Bruno Mars)"
21599,Ariana Grande,Break Free,80,214840,My Everything (Deluxe)
17049,Calvin Harris,"Feels (feat. Pharrell Williams, Katy Perry & Big Sean)",80,223413,Funk Wav Bounces Vol.1
12949,Nio Garcia,Te Boté - Remix,80,417920,Te Boté (Remix)
4699,Arizona Zervas,ROXANNE,80,163636,ROXANNE
24749,Lil Nas X,Old Town Road,80,113000,7 EP
21399,Nicky Jam,El Perdón (with Enrique Iglesias),79,205906,Fénix
5649,Fifth Harmony,Work from Home (feat. Ty Dolla $ign),79,214480,7/27 (Deluxe)
17449,Hailee Steinfeld,"Let Me Go (with Alesso, Florida Georgia Line & watt)",79,174800,"Let Me Go (with Alesso, Florida Georgia Line & watt)"
22249,Galantis,Runaway (U & I),79,227073,Pharmacy
6849,Logic,1-800-273-8255,79,250173,Everybody
6049,Gotye,Somebody That I Used To Know,79,244973,Making Mirrors
19199,DJ Khaled,Wild Thoughts (feat. Rihanna & Bryson Tiller),79,204173,Grateful
16599,Survivor,Eye of the Tiger,79,243773,Eye Of The Tiger
23999,Niall Horan,Slow Hands,79,188174,Flicker (Deluxe)
10049,Zedd,Stay,79,210090,Stay
5549,Drake,In My Feelings,79,217925,Scorpion
14449,50 Cent,In Da Club,79,193466,Get Rich Or Die Tryin'
20799,Jason Derulo,Want to Want Me,79,207719,Everything Is 4
23249,Calvin Harris,Slide (feat. Frank Ocean & Migos),79,230813,Funk Wav Bounces Vol.1
21749,Dan + Shay,"10,000 Hours (with Justin Bieber)",79,167693,"10,000 Hours (with Justin Bieber)"
18499,The Lumineers,Ophelia,79,160097,Cleopatra
20549,Calvin Harris,Promises (with Sam Smith),79,213309,Promises (with Sam Smith)
20599,Kodak Black,ZEZE (feat. Travis Scott & Offset),79,228759,Dying to Live
21249,Lilly Wood and The Prick,Prayer in C - Robin Schulz Radio Edit,79,189413,Prayer in C
9549,Internet Money,"Lemonade (feat. Gunna, Don Toliver & NAV)",78,195428,B4 The Storm
399,Imagine Dragons,Demons,78,175200,Night Visions
2,Tones And I,Dance Monkey,78,209438,Welcome To The Madhouse (Deluxe)
3049,Queen,Don't Stop Me Now - Remastered 2011,78,209413,Jazz (Deluxe Remastered Version)
8449,"Earth, Wind & Fire",September,78,215093,"The Best Of Earth, Wind & Fire Vol. 1"
24349,Selena Gomez,Back To You - From 13 Reasons Why – Season 2 Soundtrack,78,207904,Back To You (From 13 Reasons Why – Season 2 Soundtrack)
20349,Lady Gaga,Rain On Me (with Ariana Grande),78,182200,Chromatica
14249,Jason Derulo,Swalla (feat. Nicki Minaj & Ty Dolla $ign),78,216408,Swalla (feat. Nicki Minaj & Ty Dolla $ign)
22699,Ed Sheeran,The A Team,78,258373,+
15149,Lil Wayne,"Sucker for Pain (with Wiz Khalifa, Imagine Dragons, Logic & Ty Dolla $ign feat. X Ambassadors)",78,243490,Sucker for Pain (with Logic & Ty Dolla $ign feat. X Ambassadors)
12599,The Chainsmokers,Paris,78,221506,Memories...Do Not Open
9749,Lil Mosey,Blueberry Faygo,78,162546,Certified Hitmaker
5599,J Balvin,Mi Gente,78,185040,Vibras
21449,Rae Sremmurd,Black Beatles,78,291893,SremmLife 2 (Deluxe)
14799,Jawsh 685,Savage Love (Laxed - Siren Beat),78,171374,Savage Love (Laxed - Siren Beat)
10899,Julia Michaels,Issues,78,176320,Nervous System
14599,Justin Bieber,Intentions (feat. Quavo),78,212866,Changes
20299,The Chainsmokers,Roses,78,226738,Roses
11699,Demi Lovato,Sorry Not Sorry,78,203760,Tell Me You Love Me
4049,DJ Snake,"Taki Taki (feat. Selena Gomez, Ozuna & Cardi B)",77,212500,Carte Blanche
4149,The Weeknd,I Feel It Coming,77,269186,Starboy
11649,Pedro Capó,Calma - Remix,77,238200,Calma (Remix)
20649,Billie Eilish,bury a friend,77,193143,"WHEN WE ALL FALL ASLEEP, WHERE DO WE GO?"
10099,Hailee Steinfeld,Starving,77,181880,Starving
10699,Sam Smith,Dancing With A Stranger (with Normani),77,171029,Dancing With A Stranger (with Normani)
21649,Fifth Harmony,Worth It (feat. Kid Ink),77,224573,Reflection (Deluxe)
22199,Fetty Wap,679 (feat. Remy Boyz),77,196693,679 (feat. Remy Boyz)
6299,Ed Sheeran,Beautiful People (feat. Khalid),77,197866,No.6 Collaborations Project
22599,fun.,We Are Young (feat. Janelle Monáe),77,250626,Some Nights
2749,Justin Timberlake,"CAN'T STOP THE FEELING! (from DreamWorks Animation's ""TROLLS"")",77,237546,TROLLS (Original Motion Picture Soundtrack)
14499,Jack Ü,Where Are Ü Now (with Justin Bieber),77,250285,Skrillex and Diplo present Jack Ü
6899,Bebe Rexha,Meant to Be (feat. Florida Georgia Line),77,163870,All Your Fault: Pt. 2
20249,Bazzi,Mine,77,131064,COSMIC
24099,CNCO,Reggaetón Lento (Bailemos),77,222560,Primera Cita
3449,Queen,Another One Bites The Dust - Remastered 2011,77,214653,The Game (Deluxe Remastered Version)
15099,Fetty Wap,Trap Queen,77,222093,Fetty Wap (Deluxe)
5349,KAROL G,Tusa,77,201920,KG0516
24799,Shawn Mendes,In My Blood,76,211360,Shawn Mendes
7599,Bastille,Pompeii,76,214147,Bad Blood
11299,Farruko,Pepas,76,287120,La 167
5499,The Weeknd,Earned It (Fifty Shades Of Grey),76,277680,Beauty Behind The Madness
19799,JP Saxe,If the World Was Ending (feat. Julia Michaels),76,209493,Dangerous Levels of Introspection
5149,Clean Bandit,Rockabye (feat. Sean Paul & Anne-Marie),76,251173,What Is Love? (Deluxe Edition)
1099,Mike Posner,I Took A Pill In Ibiza - Seeb Remix,76,197933,"At Night, Alone."
7399,Tyga,Taste (feat. Offset),76,229210,Legendary
13049,Future,Life Is Good (feat. Drake),76,237918,High Off Life
20699,A Great Big World,Say Something,76,229400,Is There Anybody Out There?
19899,Drake,Toosie Slide,76,247058,Toosie Slide
26,Queen,Bohemian Rhapsody - Remastered 2011,76,354320,A Night At The Opera (Deluxe Remastered Version)
24399,Zara Larsson,Never Forget You,76,213427,So Good
2899,Imagine Dragons,Radioactive,76,186813,Night Visions
15599,Maroon 5,"Moves Like Jagger - Studio Recording From ""The Voice"" Performance",76,201160,Hands All Over
24049,Wisin,Escápate Conmigo (feat. Ozuna),75,232786,Victory
899,Alan Walker,Faded,75,212626,Faded
24999,Jonas Blue,Rise,75,194407,Blue
7149,Queen,Under Pressure - Remastered 2011,75,248440,Hot Space (Deluxe Remastered Version)
1599,Luis Fonsi,Despacito - Remix,75,228826,Despacito Feat. Justin Bieber (Remix)
14149,Rihanna,Umbrella,75,275986,Good Girl Gone Bad
6549,David Guetta,Titanium (feat. Sia),74,245040,Nothing but the Beat 2.0
21699,Sam Smith,How Do You Sleep?,74,202204,How Do You Sleep?
23299,KYLE,iSpy (feat. Lil Yachty),74,253106,iSpy (feat. Lil Yachty)
3749,Sia,Chandelier,74,216120,1000 Forms Of Fear (Deluxe Version)
15999,Queen,We Will Rock You - Remastered 2011,74,122066,News Of The World (Deluxe Remastered Version)
24599,Khalid,Talk (feat. Disclosure),74,197573,Free Spirit
1299,Ed Sheeran & Justin Bieber,I Don't Care (with Justin Bieber),74,219946,No.6 Collaborations Project
20399,Metallica,Nothing Else Matters (Remastered),74,388733,Metallica (Remastered)
8349,Elton John,Cold Heart - PNAU Remix,74,202735,The Lockdown Sessions
9799,Desiigner,Panda,73,246761,New English
23949,Enrique Iglesias,Bailando - Spanish Version,73,243413,SEX AND LOVE (Deluxe)
12499,Masked Wolf,Astronaut In The Ocean,73,132780,Astronomical
22749,Imagine Dragons,On Top Of The World,73,189840,Night Visions (Deluxe)
12649,Anuel AA,China,73,301714,Emmanuel
14749,Billie Eilish,ocean eyes,73,200560,Ocean Eyes
2999,Charlie Puth,We Don't Talk Anymore (feat. Selena Gomez),72,217706,Nine Track Mind
13499,Wham!,Last Christmas,72,262960,LAST CHRISTMAS
4349,Major Lazer,Cold Water,72,185360,Cold Water
19849,Dire Straits,Sultans of Swing,72,350400,Dire Straits
13199,James Bay,Let It Go,72,260533,Chaos And The Calm
15849,Jonas Blue,Fast Car,72,212424,Fast Car
1149,Tom Odell,Another Love,72,244360,Long Way Down
23599,Maggie Lindemann,Pretty Girl - Cheat Codes X CADE Remix,72,193613,Pretty Girl (Cheat Codes X CADE Remix)
7299,Maroon 5,Payphone,72,231386,Overexposed
24649,Becky G,Sin Pijama,72,190160,MALA SANTA
11799,The Script,Hall of Fame (feat. will.i.am),72,202533,#3
23449,Big Sean,Bounce Back,72,222360,I Decided.
3399,OMI,Cheerleader - Felix Jaehn Remix Radio Edit,71,180560,Me 4 U
21299,Galantis,No Money,71,189126,No Money
6099,Kygo,It Ain’t Me (with Selena Gomez),70,220780,It Ain't Me
4799,ZAYN,I Don’t Wanna Live Forever (Fifty Shades Darker),70,245653,Fifty Shades Darker (Original Motion Picture Soundtrack)
18549,Macklemore & Ryan Lewis,Thrift Shop (feat. Wanz),70,235613,Thrift Shop (feat. Wanz)
19649,Clean Bandit,Solo (feat. Demi Lovato),70,222706,What Is Love? (Deluxe Edition)
7249,Mariah Carey,All I Want for Christmas Is You,69,241106,Merry Christmas
16049,Creedence Clearwater Revival,Have You Ever Seen The Rain,69,160333,Pendulum
11049,Maroon 5,What Lovers Do (feat. SZA),69,199849,Red Pill Blues (Deluxe)
22849,DRAM,Broccoli,69,225205,Broccoli
2499,Maroon 5,Girls Like You (feat. Cardi B) - Cardi B Version,69,235545,Red Pill Blues (Deluxe)
6399,Beyoncé,Halo,69,261640,I AM...SASHA FIERCE
7749,DJ Khaled,"I'm the One (feat. Justin Bieber, Quavo, Chance the Rapper & Lil Wayne)",68,288876,Grateful
28,Hozier,Take Me to Church,66,241693,Hozier
24299,Luis Fonsi,Échame La Culpa,66,173720,Échame La Culpa
21149,Starley,Call on Me - Ryan Riback Remix,66,222040,Call On Me (Remixes)
10449,Clean Bandit,Rather Be (feat. Jess Glynne),65,227833,New Eyes
24899,Lizzo,Truth Hurts,64,173325,Cuz I Love You (Deluxe)
17349,Rudimental,"These Days (feat. Jess Glynne, Macklemore & Dan Caplen)",63,211760,Toast to Our Differences (Deluxe Edition)
13299,Red Hot Chili Peppers,Californication,63,329733,Californication
23549,Cheat Codes,No Promises (feat. Demi Lovato),62,222786,No Promises (feat. Demi Lovato)
23749,Cardi B,Bodak Yellow,60,223962,Bodak Yellow
12,Glass Animals,Heat Waves,60,238805,Dreamland (+ Bonus Levels)
21799,Robin Thicke,Blurred Lines,60,263053,Blurred Lines
8,The Chainsmokers,Closer,55,245506,Collage EP
40,Avicii,Wake Me Up,55,249693,Wake Me Up
23849,Jonas Blue,Mama,54,181614,Jonas Blue: Electronic Nature - The Mix 2017
16249,Carly Rae Jepsen,Call Me Maybe,54,193466,Call Me Maybe
949,The Chainsmokers,Don't Let Me Down,53,208666,Collage EP
22099,George Ezra,Budapest,52,202120,Did You Hear the Rain?
5849,Future,Mask Off,51,204600,FUTURE
12699,Red Hot Chili Peppers,Under the Bridge,50,264306,Blood Sugar Sex Magik
21549,Felix Jaehn,Ain't Nobody (Loves Me Better),49,186146,Ain't Nobody (Loves Me Better)
7549,Bruno Mars,Locked out of Heaven,48,233478,Unorthodox Jukebox
23049,Eminem,Rap God,47,363521,The Marshall Mathers LP2
11449,Milky Chance,Stolen Dance,45,313684,Sadnecessary
13649,JAY-Z,Ni**as In Paris,44,219333,Watch The Throne (Deluxe)
20749,Jonas Blue,Perfect Strangers,42,195313,Jonas Blue: Electronic Nature - The Mix 2017
1249,Sam Smith,Too Good At Goodbyes,38,201000,The Thrill Of It All (Special Edition)
7,The Kid LAROI,STAY (with Justin Bieber),32,141805,F*CK LOVE 3: OVER YOU
19349,GAYLE,abcdefu,30,168551,a study of the human experience volume one
16899,Rihanna,Diamonds,23,225146,Unapologetic (Deluxe Version)
21099,Kygo,Stole the Show,22,222801,Stole the Show
18299,Kygo,Firestone,21,273684,Firestone
8949,Bad Bunny,MIA (feat. Drake),19,210367,MIA (feat. Drake)
20949,BlocBoy JB,Look Alive (feat. Drake),15,181263,Look Alive (feat. Drake)
2299,Lauv,I Like Me Better,14,197436,I met you when I was 18. (the playlist)
21999,Avicii,Hey Brother,13,255093,True
23099,Avicii,Levels - Radio Edit,12,199903,Levels
14199,Snow Patrol,Chasing Cars,12,267933,Eyes Open
2199,J. Cole,No Role Modelz,11,292986,2014 Forest Hills Drive
14549,Imagine Dragons,Enemy (with JID) - from the series Arcane League of Legends,9,173381,Mercury - Act 1
699,The Killers,Mr. Brightside,9,222586,Hot Fuss
15199,21 Savage,Bank Account,7,220306,Issa Album
23399,Migos,Bad and Boujee (feat. Lil Uzi Vert),6,343150,Culture
11399,Juice WRLD,Robbery,6,240050,Death Race For Love
15649,BTS,Boy With Luv (feat. Halsey),5,229773,MAP OF THE SOUL : PERSONA
15699,Black Eyed Peas,I Gotta Feeling,4,289133,THE E.N.D. (THE ENERGY NEVER DIES)
22549,Ariana Grande,Dangerous Woman,4,235946,Dangerous Woman
22049,Drake,"Hold On, We're Going Home",3,227880,Nothing Was The Same (Deluxe)
4249,Adele,Hello,3,295493,25
21349,Mr. Probz,Waves - Robin Schulz Radio Edit,3,208133,Waves (Robin Schulz Radio Edit)
6799,Ariana Grande,Side To Side,3,226160,Dangerous Woman
8849,Alessia Cara,Scars To Your Beautiful,3,230226,Know-It-All (Deluxe)
16849,Adele,Set Fire to the Rain,2,241693,21
14649,Adele,When We Were Young,2,290906,25
12849,Radiohead,Creep,2,238640,Pablo Honey
3599,The Weeknd,Can't Feel My Face,2,213520,Beauty Behind The Madness
6,Drake,One Dance,2,173986,Views
22299,Adele,Send My Love (To Your New Lover),2,223080,25
11199,Ariana Grande,Into You,2,244453,Dangerous Woman
3199,Adele,Someone Like You,2,285040,21
6449,Childish Gambino,Redbone,1,326933,"""Awaken, My Love!"""
2249,Wiz Khalifa,See You Again (feat. Charlie Puth),1,229525,See You Again (feat. Charlie Puth)
9,Imagine Dragons,Believer,1,204346,Evolve
20199,Drake,Too Good,1,263373,Views
6599,Adele,Rolling in the Deep,1,228293,21
20,Juice WRLD,Lucid Dreams,1,239835,Goodbye & Good Riddance
41,The Weeknd,The Hills,1,242253,Beauty Behind The Madness
24199,Shaggy,It Wasn't Me,0,227600,Hot Shot
749,SAINt JHN,Roses - Imanbek Remix,0,176218,Roses (Imanbek Remix)
1849,Oasis,Wonderwall - Remastered,0,258732,(What's The Story) Morning Glory? (Deluxe Edition) [Remastered]
7499,Rihanna,Work,0,219320,ANTI (Deluxe)
1049,Arctic Monkeys,Do I Wanna Know?,0,272394,AM
9299,Pharrell Williams,"Happy - From ""Despicable Me 2""",0,233293,"Happy (From ""Despicable Me 2"")"
9899,Major Lazer,Light It Up (feat. Nyla & Fuse ODG) [Remix],0,166138,Peace Is The Mission (Extended)
9499,Rihanna,Needed Me,0,191600,ANTI
599,Major Lazer,Lean On (feat. MØ & DJ Snake),0,176561,Peace Is The Mission
17899,The Lumineers,Ho Hey,0,163133,The Lumineers
14899,Calvin Harris,We Found Love (feat. Rihanna),0,215520,18 Months
10399,Kanye West,Stronger,0,311866,Graduation
17149,Imagine Dragons,Whatever It Takes,0,201240,Evolve
20099,One Direction,Drag Me Down,0,192106,Drag Me Down
20499,Liam Payne,Strip That Down,0,204502,Strip That Down
19749,DJ Snake,Middle,0,220573,Middle
33,Imagine Dragons,Thunder,0,187146,Evolve
19549,Kungs,This Girl (Kungs Vs. Cookin' On 3 Burners),0,195561,This Girl (Kungs Vs. Cookin' On 3 Burners)
15499,P!nk,Just Give Me a Reason,0,242733,The Truth About Love
20899,Post Malone,Candy Paint,0,229573,Candy Paint
20999,Guns N' Roses,Welcome To The Jungle,0,273600,Appetite For Destruction
21049,Drake,Fake Love,0,207813,Fake Love
21199,Ed Sheeran,I See Fire,0,299146,x (Deluxe Edition)
37,OneRepublic,Counting Stars,0,257279,Native (Deluxe)
4899,Sam Smith,I'm Not The Only One,0,239316,In The Lonely Hour
21949,Iggy Azalea,Fancy,0,199938,Fancy
11749,Travis Scott,BUTTERFLY EFFECT,0,190677,BUTTERFLY EFFECT
22349,Justin Timberlake,Mirrors,0,485360,Mirrors
46,Passenger,Let Her Go,0,252733,All the Little Lights
11099,Shawn Mendes,Mercy,0,208733,Illuminate (Deluxe)
22899,M83,Midnight City,0,243960,Hurry Up We're Dreaming
23149,Edward Sharpe & The Magnetic Zeros,Home,0,303200,Up From Below
23199,A$AP Rocky,"F**kin' Problems (feat. Drake, 2 Chainz & Kendrick Lamar)",0,233786,LONG.LIVE.A$AP (Deluxe Version)
349,Shawn Mendes,Treat You Better,0,187973,Illuminate (Deluxe)
22499,Of Monsters and Men,Little Talks,0,267693,Into The Woods
