,artist,track,track_pop,duration_ms,album_nm,album_dt
25004,Yng Lvcas,La Bebe - Remix,100,234352,La Bebe (Remix),2023-03-17
25007,Bad Bunny,WHERE SHE GOES,99,231704,WHERE SHE GOES,2023-05-18
25008,FIFTY FIFTY,Cupid - Twin Ver.,99,174253,The Beginning: Cupid,2023-02-24
25002,Grupo Frontera,un x100to,99,194563,un x100to,2023-04-17
25024,Bizarrap,"Peso Pluma: Bzrp Music Sessions, Vol. 55",98,188361,"Peso Pluma: Bzrp Music Sessions, Vol. 55",2023-06-01
25019,David Kushner,Daylight,98,212953,Daylight,2023-04-14
25000,Eslabon Armado,Ella Baila Sola,98,165671,Ella Baila Sola,2023-03-16
26049,Feid,Classy 101,97,195986,Classy 101,2023-03-31
27549,BTS,Take Two,96,229953,Take Two,2023-06-09
26899,ROSALÍA,BESO,96,194543,RR,2023-03-24
25023,Fuerza Regida,TQM,96,158965,TQM,2023-05-19
25016,Metro Boomin,Creepin' (with The Weeknd & 21 Savage),96,221520,HEROES & VILLAINS,2022-12-02
32299,Dave,Sprinter,96,229133,Sprinter,2023-06-01
16299,Arctic Monkeys,I Wanna Be Yours,96,183956,AM,2013-09-09
20449,"Tyler, The Creator",See You Again (feat. Kali Uchis),96,180386,Flower Boy,2017-07-21
25006,PinkPantheress,Boy's a Liar Pt. 2,95,131013,Boy's a liar Pt. 2,2023-02-03
18399,SZA,Kill Bill,95,153946,SOS,2022-12-08
17699,Taylor Swift,Anti-Hero,95,200690,Midnights,2022-10-21
25699,KAROL G,TQG,95,197933,MAÑANA SERÁ BONITO,2023-02-24
25035,Rema,Calm Down (with Selena Gomez),95,239317,Calm Down (with Selena Gomez),2022-08-25
25042,Jimin,Like Crazy,95,212241,FACE,2023-03-24
18449,David Guetta,I'm Good (Blue),95,175238,I'm Good (Blue),2022-08-26
25022,Junior H,El Azul,95,187225,El Azul,2023-02-10
18599,OneRepublic,I Ain't Worried,95,148485,"I Ain’t Worried (Music From The Motion Picture ""Top Gun: Maverick"")",2022-05-13
25015,Peso Pluma,PRC,95,184066,PRC,2023-01-23
25349,Dua Lipa,Dance The Night (From Barbie The Album),94,176579,Dance The Night (From Barbie The Album),2023-05-25
25399,Yahritza Y Su Esencia,Frágil,94,160517,Frágil,2023-04-07
15299,Bizarrap,"Quevedo: Bzrp Music Sessions, Vol. 52",94,198937,"Quevedo: Bzrp Music Sessions, Vol. 52",2022-07-06
26449,Stephen Sanchez,Until I Found You (with Em Beihold) - Em Beihold Version,94,176440,Until I Found You (Em Beihold Version),2022-04-22
33949,LIT killah,Los del Espacio,94,338000,Los del Espacio,2023-06-01
25014,Metro Boomin,"Calling (Spider-Man: Across the Spider-Verse) (Metro Boomin & Swae Lee, NAV, feat. A Boogie Wit da Hoodie)",94,219453,METRO BOOMIN PRESENTS SPIDER-MAN: ACROSS THE SPIDER-VERSE (SOUNDTRACK FROM AND INSPIRED BY THE MOTION PICTURE),2023-06-02
30849,Libianca,People,94,184791,People,2022-12-06
30999,David Guetta,Baby Don't Hurt Me,94,140017,Baby Don't Hurt Me,2023-04-06
0,The Weeknd,Blinding Lights,94,200040,After Hours,2020-03-20
14,Harry Styles,As It Was,94,167303,Harry's House,2022-05-20
11,The Weeknd,Starboy,94,230453,Starboy,2016-11-25
13999,Bad Bunny,Me Porto Bonito,93,178567,Un Verano Sin Ti,2022-05-06
25029,SZA,Snooze,93,201800,SOS,2022-12-09
25899,Lana Del Rey,Say Yes To Heaven,93,209156,Say Yes To Heaven,2023-05-19
28899,Eladio Carrion,Coco Chanel,93,208125,3MEN2 KBRN,2023-03-17
1899,Coldplay,Yellow,93,266773,Parachutes,2000-07-10
25032,Natanael Cano,AMG,93,174942,AMG,2022-11-24
31849,Sky Rompiendo,El Cielo,93,191320,El Cielo,2023-06-02
25033,Metro Boomin,"Am I Dreaming (Metro Boomin & A$AP Rocky, Roisee)",93,256026,METRO BOOMIN PRESENTS SPIDER-MAN: ACROSS THE SPIDER-VERSE (SOUNDTRACK FROM AND INSPIRED BY THE MOTION PICTURE),2023-06-02
31449,Bizarrap,"Shakira: Bzrp Music Sessions, Vol. 53",93,214945,"Shakira: Bzrp Music Sessions, Vol. 53",2023-01-11
22,The Neighbourhood,Sweater Weather,93,240400,I Love You.,2013-04-19
37999,Calvin Harris,Miracle (with Ellie Goulding),93,186496,Miracle (with Ellie Goulding),2023-03-10
26249,Carin Leon,Que Vuelvas,92,169418,Que Vuelvas,2022-12-09
10,Ed Sheeran,Perfect,92,263400,÷ (Deluxe),2017-03-03
25012,Lil Durk,All My Life (feat. J. Cole),92,223878,All My Life (feat. J. Cole),2023-05-12
18099,Ruth B.,Dandelions,92,233720,Safe Haven,2017-05-05
3,Lewis Capaldi,Someone You Loved,92,182160,Divinely Uninspired To A Hellish Extent,2019-05-17
43149,Shakira,Acróstico,92,170785,Acróstico,2023-05-11
26849,d4vd,Here With Me,92,242484,Petals to Thorns,2023-05-26
16399,Eminem,Mockingbird,92,250760,Encore (Deluxe Version),2004-11-12
25028,Metro Boomin,"Annihilate (Spider-Man: Across the Spider-Verse) (Metro Boomin & Swae Lee, Lil Wayne, Offset)",92,231746,METRO BOOMIN PRESENTS SPIDER-MAN: ACROSS THE SPIDER-VERSE (SOUNDTRACK FROM AND INSPIRED BY THE MOTION PICTURE),2023-06-02
25038,Metro Boomin,Trance (with Travis Scott & Young Thug),92,194786,HEROES & VILLAINS,2022-12-02
33899,Ozuna,Hey Mor,92,196600,OzuTochi,2022-10-07
25048,Metro Boomin,Too Many Nights (feat. Don Toliver & with Future),92,199920,HEROES & VILLAINS,2022-12-02
25041,Olivia Rodrigo,vampire,92,219724,vampire,2023-06-30
13449,The Weeknd,Die For You,92,260253,Starboy,2016-11-24
35449,Marshmello,El Merengue,92,189668,El Merengue,2023-03-03
25043,Chino Pacas,El Gordo Trae El Mando,92,112087,El Gordo Trae El Mando,2023-01-27
25036,d4vd,Romantic Homicide,92,132630,Romantic Homicide,2022-07-20
29049,KAROL G,AMARGURA,92,170480,MAÑANA SERÁ BONITO,2023-02-24
27499,The Weeknd,Die For You - Remix,92,232857,Die For You (Remix),2023-02-24
18,Harry Styles,Watermelon Sugar,92,174000,Fine Line,2019-12-13
29299,NewJeans,OMG,92,212253,NewJeans 'OMG',2023-01-02
26799,Oscar Maydon,Fin de Semana,91,224920,Fin de Semana,2023-01-13
28799,Beyoncé,CUFF IT,91,225388,RENAISSANCE,2022-07-29
27199,RAYE,Escapism.,91,272373,My 21st Century Blues,2023-02-03
25010,Drake,Search & Rescue,91,272112,Search & Rescue,2023-04-07
37749,Feid,CHORRITO PA LAS ANIMAS,91,168133,SIXDO,2022-12-02
17749,Miley Cyrus,Flowers,91,200600,Endless Summer Vacation,2023-03-10
4,Post Malone,Sunflower - Spider-Man: Into the Spider-Verse,91,158040,Spider-Man: Into the Spider-Verse (Soundtrack From & Inspired by the Motion Picture),2018-12-14
16,Billie Eilish,lovely (with Khalid),91,200185,lovely (with Khalid),2018-04-19
25013,Kaliii,Area Codes,91,139325,Area Codes,2023-03-17
17199,One Direction,Night Changes,91,226600,FOUR (Deluxe),2014-11-17
25549,JVKE,golden hour,91,209259,this is what ____ feels like (Vol. 1-4),2022-09-23
25027,Metro Boomin,Superhero (Heroes & Villains) [with Future & Chris Brown],91,182666,HEROES & VILLAINS,2022-12-02
25040,Metro Boomin,Self Love (Spider-Man: Across the Spider-Verse) (Metro Boomin & Coi Leray),91,189466,METRO BOOMIN PRESENTS SPIDER-MAN: ACROSS THE SPIDER-VERSE (SOUNDTRACK FROM AND INSPIRED BY THE MOTION PICTURE),2023-06-02
40499,Bizarrap,"Rauw Alejandro: Bzrp Music Sessions, Vol. 56",91,191254,"Rauw Alejandro: Bzrp Music Sessions, Vol. 56",2023-06-21
25044,Taylor Swift,Karma,91,204852,Midnights,2022-10-21
40249,YOASOBI,アイドル,91,213233,アイドル,2023-04-12
46649,Rosa Linn,SNAP,91,179551,SNAP,2022-03-19
25031,Drake,Jimmy Cooks (feat. 21 Savage),91,218364,"Honestly, Nevermind",2022-06-17
25049,Peso Pluma,Bye,91,212976,Bye,2023-05-26
25199,Post Malone,Chemical,91,184013,Chemical,2023-04-14
25649,Becky G,Chanel,91,201993,Chanel,2023-03-30
7449,Coldplay,Viva La Vida,91,242373,Viva La Vida or Death and All His Friends,2008-05-26
4849,Bruno Mars,When I Was Your Man,91,213826,Unorthodox Jukebox,2012-12-07
48399,Sebastian Yatra,VAGABUNDO,91,215600,VAGABUNDO,2023-05-12
26399,Sabrina Carpenter,Nonsense,91,163648,emails i can't send,2022-07-15
17299,Bad Bunny,Ojitos Lindos,91,258298,Un Verano Sin Ti,2022-05-06
25003,Morgan Wallen,Last Night,91,163854,3 Songs At A Time Sampler,2023-01-31
26299,Bad Bunny,Tití Me Preguntó,91,243716,Un Verano Sin Ti,2022-05-06
15349,Tears For Fears,Everybody Wants To Rule The World,91,251488,Songs From The Big Chair (Super Deluxe Edition),1985-02-25
25999,Coi Leray,Players,91,139560,Players,2022-11-30
6649,a-ha,Take on Me,90,225280,Hunting High and Low,1985-06-01
26649,Lizzy McAlpine,ceilings,90,182887,five seconds flat,2022-04-08
29,Post Malone,Circles,90,215280,Hollywood's Bleeding,2019-09-06
18649,Bad Bunny,Efecto,90,213061,Un Verano Sin Ti,2022-05-06
27949,Harry Styles,Late Night Talking,90,177954,Harry's House,2022-05-20
25030,Drake,Rich Flex,90,239359,Her Loss,2022-11-04
27349,Peso Pluma,Las Morras,90,155550,Las Morras,2023-04-04
6999,The Weeknd,Save Your Tears,90,215626,After Hours,2020-03-20
10149,Eminem,The Real Slim Shady,90,284200,The Marshall Mathers LP,2000-05-23
5249,The Police,Every Breath You Take,90,253920,Synchronicity (Remastered 2003),1983-06-17
25034,Lil Uzi Vert,Just Wanna Rock,90,123890,Just Wanna Rock,2022-10-17
25025,Gunna,fukumean,90,125040,a Gift & a Curse,2023-06-16
28749,Kodak Black,"Angel Pt. 1 (feat. Jimin of BTS, JVKE & Muni Long)",90,175802,"Angel Pt. 1 (feat. Jimin of BTS, JVKE & Muni Long) [Trailer Version]",2023-05-17
28349,Eden Muñoz,Abcdario,90,220650,Abcdario,2023-05-13
49,Calvin Harris,One Kiss (with Dua Lipa),90,214846,One Kiss (with Dua Lipa),2018-04-06
43449,Feid,Feliz Cumpleaños Ferxxo,90,155960,FELIZ CUMPLEAÑOS FERXXO TE PIRATEAMOS EL ÁLBUM,2022-09-14
1,Ed Sheeran,Shape of You,90,233712,÷ (Deluxe),2017-03-03
16349,Justin Bieber,Ghost,90,153190,Justice,2021-03-19
33399,(G)I-DLE,Queencard,90,161240,I feel,2023-05-15
30599,Doechii,What It Is (Solo Version),90,189824,What It Is (Versions),2023-03-17
25009,Zach Bryan,Something in the Orange,90,228013,Something in the Orange,2022-04-22
17099,Manuel Turizo,La Bachata,90,162637,La Bachata,2022-05-26
39049,Yandel,Yandel 150,90,216148,Yandel 150,2022-12-20
10549,The Weeknd,Call Out My Name,90,228373,"My Dear Melancholy,",2018-03-30
13849,Arctic Monkeys,Why'd You Only Call Me When You're High?,90,161123,AM,2013-09-09
44749,Feid,Niña Bonita,90,187653,Niña Bonita,2023-04-21
29199,Fuerza Regida,SABOR FRESA,90,156500,SABOR FRESA,2023-06-22
35049,KAROL G,MIENTRAS ME CURO DEL CORA,90,164386,MAÑANA SERÁ BONITO,2023-02-24
34599,Meghan Trainor,Made You Look,89,134256,Takin' It Back,2022-10-21
36749,J Hus,Who Told You (feat. Drake),89,208917,Who Told You (feat. Drake),2023-06-08
46849,Agust D,Haegeum,89,168926,D-DAY,2023-04-21
40949,IVE,I AM,89,183853,I've IVE,2023-04-10
5049,Guns N' Roses,Sweet Child O' Mine,89,356066,Appetite For Destruction,1987-07-21
13749,Olivia Rodrigo,traitor,89,229226,SOUR,2021-05-21
13549,Ed Sheeran,Shivers,89,207853,=,2021-10-29
36149,NewJeans,Ditto,89,185506,Ditto,2022-12-19
15049,Coldplay,A Sky Full of Stars,89,267866,Ghost Stories,2014-05-19
33749,ENHYPEN,Bite Me,89,157531,DARK BLOOD,2023-05-22
25047,Lil Uzi Vert,Watch This - ARIZONATEARS Pluggnb Remix,89,163139,Watch This (ARIZONATEARS Pluggnb Remix),2023-02-05
13149,Conan Gray,Heather,89,198040,Kid Krow,2020-03-20
25,The Chainsmokers,Something Just Like This,89,247160,Memories...Do Not Open,2017-04-07
24,Ed Sheeran,Photograph,89,258986,x (Deluxe Edition),2014-06-21
35849,Kordhell,Murder In My Mind,89,145000,Murder In My Mind,2022-01-21
149,Olivia Rodrigo,good 4 u,89,178146,SOUR,2021-05-21
8749,Alec Benjamin,Let Me Down Slowly,89,169353,Narrated For You,2018-11-16
32049,Bad Bunny,Moscow Mule,89,245939,Un Verano Sin Ti,2022-05-06
25949,Dominic Fike,Mona Lisa (Spider-Man: Across the Spider-Verse),89,186066,Mona Lisa (Spider-Man: Across the Spider-Verse),2023-06-02
2049,Shawn Mendes,There's Nothing Holdin' Me Back,89,199440,Illuminate (Deluxe),2017-04-20
9699,J Balvin,LA CANCIÓN,89,242573,OASIS,2019-06-28
12149,Coolio,Gangsta's Paradise,89,240693,Gangsta's Paradise,1995-11-07
3349,Coldplay,The Scientist,89,309600,A Rush of Blood to the Head,2002-08-08
15,James Arthur,Say You Won't Let Go,89,211466,Back from the Edge,2016-10-28
7349,Avicii,The Nights,89,176658,The Days / Nights,2014-01-01
38999,Ed Sheeran,Eyes Closed,89,194848,Eyes Closed,2023-03-24
19399,XXXTENTACION,Revenge,89,120026,17,2017-08-25
38899,LE SSERAFIM,UNFORGIVEN (feat. Nile Rodgers),89,182148,UNFORGIVEN,2023-05-01
27049,Fuerza Regida,Igualito a Mi Apá,89,166821,Pa Que Hablen,2022-12-30
31899,Øneheart,snowfall,89,124065,snowfall,2022-01-14
4199,Linkin Park,In the End,89,216880,Hybrid Theory (Bonus Edition),2000-10-24
26699,Taylor Swift,Lavender Haze,89,202395,Midnights,2022-10-21
31199,Harry Styles,Satellite,89,218577,Harry's House,2022-05-20
11249,Bon Jovi,Livin' On A Prayer,89,249293,Slippery When Wet,1986-08-16
31599,Stray Kids,S-Class,89,195688,5-STAR,2023-06-02
10199,Shakira,Hips Don't Lie (feat. Wyclef Jean),89,218093,"Oral Fixation, Vol. 2 (Expanded Edition)",2005-11-28
26549,Taylor Swift,Hits Different,89,234466,Midnights (The Til Dawn Edition),2023-05-26
37249,Mae Stephens,If We Ever Broke Up,88,142758,If We Ever Broke Up,2023-02-10
8899,Tame Impala,The Less I Know The Better,88,216320,Currents,2015-07-17
45599,Peggy Gou,(It Goes Like) Nanana - Edit,88,231545,(It Goes Like) Nanana [Edit],2023-06-15
25011,Morgan Wallen,Thinkin’ Bout Me,88,177387,One Thing At A Time,2023-03-03
42449,Imagine Dragons,Bones,88,165264,Mercury - Acts 1 & 2,2022-07-01
38399,The Weeknd,Is There Someone Else?,88,199111,Dawn FM,2022-01-06
42199,Tiago PZK,Me Enteré,88,182075,Me Enteré,2023-05-18
38249,Anuel AA,Mas Rica Que Ayer,88,199148,Mas Rica Que Ayer,2023-03-02
8799,Linkin Park,Numb,88,185586,Meteora,2003-03-24
7999,The White Stripes,Seven Nation Army,88,232106,Elephant,2003-04-01
46199,The Weeknd,Die For You (with Ariana Grande) - Remix,88,232857,Starboy (Deluxe),2023-03-14
25249,Future,WAIT FOR U (feat. Drake & Tems),88,189893,I NEVER LIKED YOU,2022-04-29
6249,Harry Styles,Adore You,88,207133,Fine Line,2019-12-13
18049,Coldplay,Paradise,88,278719,Mylo Xyloto,2011-10-24
29549,Grupo Frontera,No Se Va - En Vivo,88,194019,No Se Va (En Vivo),2022-04-28
15399,The Neighbourhood,Daddy Issues,88,260173,Wiped Out!,2015-10-30
30249,El Chachito,En Paris,88,162795,En Paris,2022-12-24
30499,Taylor Swift,Snow On The Beach (feat. More Lana Del Rey),88,229942,Midnights (The Til Dawn Edition),2023-05-26
2099,Eminem,Till I Collapse,88,297786,The Eminem Show,2002-05-26
30549,Taylor Swift,Midnight Rain,88,174782,Midnights,2022-10-21
1949,Bruno Mars,That's What I Like,88,206693,24K Magic,2016-11-17
12899,Olivia Rodrigo,deja vu,88,215506,SOUR,2021-05-21
10999,AC/DC,Highway to Hell,88,208400,Highway to Hell,1979-07-27
31,John Legend,All of Me,88,269560,Love In The Future (Expanded Edition),2013-08-30
17599,Billie Eilish,Happier Than Ever,88,298899,Happier Than Ever,2021-07-30
31499,Junior H,El Tsurito,88,194518,El Tsurito,2023-04-07
31749,Ñengo Flow,Gato de Noche,88,227013,Gato de Noche,2022-12-22
249,Olivia Rodrigo,drivers license,88,242013,SOUR,2021-05-21
49049,Central Cee,Doja,88,97392,Doja,2022-07-21
34199,Billie Eilish,hotline (edit),88,60719,hotline (edit),2023-05-09
45,Kendrick Lamar,HUMBLE.,88,177000,DAMN.,2017-04-14
35499,Bad Bunny,Neverita,88,173119,Un Verano Sin Ti,2022-05-06
39,Twenty One Pilots,Stressed Out,88,202333,Blurryface,2015-05-15
47499,Cartel De Santa,Shorty Party,88,265000,Shorty Party,2023-03-04
10749,Fleetwood Mac,Dreams - 2004 Remaster,88,257800,Rumours (Super Deluxe),1977-02-04
28449,Chino Pacas,Dijeron Que No La Iba Lograr,88,113019,Dijeron Que No La Iba Lograr,2023-03-14
4399,Ed Sheeran,Bad Habits,88,230746,=,2021-10-29
23,Drake,God's Plan,88,198973,Scorpion,2018-06-29
18949,Kate Bush,Running Up That Hill (A Deal With God),88,298933,Hounds Of Love,1985-09-16
25046,Lil Mabu,MATHEMATICAL DISRESPECT,88,88304,MATHEMATICAL DISRESPECT,2023-05-05
35,Travis Scott,goosebumps,88,243836,Birds In The Trap Sing McKnight,2016-09-16
25299,Ice Spice,Princess Diana (with Nicki Minaj),88,172125,Princess Diana (with Nicki Minaj),2023-04-14
5199,TOTO,Africa,88,295893,Toto IV,1982-04-08
49199,Benson Boone,In The Stars,88,216410,In The Stars,2022-04-29
12199,Doja Cat,Woman,88,172626,Planet Her,2021-06-25
18749,Creedence Clearwater Revival,Fortunate Son,88,140773,Willy And The Poor Boys (Expanded Edition),1969-11-02
9149,Juice WRLD,All Girls Are The Same,88,165819,Goodbye & Good Riddance,2018-12-10
27299,Nicki Minaj,Barbie World (with Aqua) [From Barbie The Album],88,109750,Barbie World (with Aqua) [From Barbie The Album],2023-06-23
47149,SEVENTEEN,Super,88,200386,SEVENTEEN 10th Mini Album 'FML',2023-04-24
27999,Eslabon Armado,Así Lo Quiso Dios,88,205299,DESVELADO,2023-04-28
3849,Lewis Capaldi,Before You Go,88,215106,Divinely Uninspired To A Hellish Extent (Extended Edition),2019-11-22
27399,Post Malone,I Like You (A Happier Song) (with Doja Cat),88,192840,Twelve Carat Toothache,2022-06-03
17649,The Beatles,Here Comes The Sun - Remastered 2009,87,185733,Abbey Road (Remastered),1969-09-26
5,Post Malone,rockstar (feat. 21 Savage),87,218146,beerbongs & bentleys,2018-04-27
12299,Ariana Grande,One Last Time,87,197266,My Everything (Deluxe),2014-08-25
19599,ABBA,Dancing Queen,87,230400,Arrival,1976
12399,AC/DC,Thunderstruck,87,292880,The Razors Edge,1990-09-24
16199,R.E.M.,Losing My Religion,87,268426,Out Of Time (25th Anniversary Edition),1991-03-12
11549,Coldplay,Fix You,87,295533,X&Y,2005-06-07
19299,J. Cole,Wet Dreamz,87,239266,2014 Forest Hills Drive,2014-12-09
11949,The Goo Goo Dolls,Iris,87,289533,Dizzy up the Girl,1998-09-11
41349,Natanael Cano,Pacas De Billetes,87,188074,Pacas De Billetes,2023-05-01
41599,NewJeans,Hype Boy,87,179026,NewJeans 1st EP 'New Jeans',2022-08-01
42049,Arcángel,La Jumpa,87,255693,Sr. Santos,2022-12-01
9199,AC/DC,Back In Black,87,255493,Back In Black,1980-07-25
11149,Maroon 5,Maps,87,189960,V,2014-09-02
9999,Kendrick Lamar,All The Stars (with SZA),87,232186,Black Panther The Album Music From And Inspired By,2018-02-09
34,Ariana Grande,7 rings,87,178626,"thank u, next",2019-02-08
23799,Taylor Swift,Look What You Made Me Do,87,211853,reputation,2017-11-10
1199,Maroon 5,Memories,87,189486,JORDI (Deluxe),2021-06-11
13899,XXXTENTACION,Hope,87,110886,?,2018-03-16
29649,ThxSoMch,SPIT IN MY FACE!,87,147874,SPIT IN MY FACE!,2022-12-20
13799,Coldplay,Hymn for the Weekend,87,258266,A Head Full of Dreams,2015-12-04
30749,SZA,Nobody Gets Me,87,180853,SOS,2022-12-09
30,Justin Bieber,Love Yourself,87,233720,Purpose (Deluxe),2015-11-13
1649,French Montana,Unforgettable,87,233901,Jungle Rules,2017-07-14
30949,Labrinth,Never Felt So Alone,87,160166,Never Felt So Alone,2023-04-07
31049,Fuerza Regida,Bebe Dame,87,271861,Bebe Dame,2022-12-16
1399,Dua Lipa,Levitating (feat. DaBaby),87,203064,Future Nostalgia,2020-03-27
31299,Luis R Conriquez,El Gavilán,87,175295,El Gavilán,2022-10-21
999,Mark Ronson,Uptown Funk (feat. Bruno Mars),87,269666,Uptown Special,2015-01-12
3099,Charlie Puth,Attention,87,208786,Voicenotes,2018-05-11
37049,sped up 8282,Cupid – Twin Ver. (FIFTY FIFTY) – Sped Up Version,87,145200,Cupid – Twin Ver. (FIFTY FIFTY) – Sped Up Version,2023-04-08
32499,Peso Pluma,Siempre Pendientes,87,186828,Siempre Pendientes,2022-08-15
48649,Lewis Capaldi,Wish You The Best,87,210880,Broken By Desire To Be Heavenly Sent,2023-05-19
32649,Fuerza Regida,Ch y la Pizza,87,136913,Pa Que Hablen,2022-12-30
32749,Jimin,Like Crazy (English Version),87,212253,FACE,2023-03-24
499,Sam Smith,Stay With Me,87,172723,In The Lonely Hour,2014-05-26
32949,Billie Eilish,TV,87,281380,Guitar Songs,2022-07-21
199,DJ Snake,Let Me Love You,87,205946,Encore,2016-08-05
99,Travis Scott,SICKO MODE,87,312820,ASTROWORLD,2018-08-03
34799,Peso Pluma,Rosa Pastel,87,204253,Rosa Pastel,2023-04-20
47449,Tiësto,10:35,87,172252,10:35,2022-11-03
14099,Gorillaz,Feel Good Inc.,87,222640,Demon Days,2005-05-23
6149,WALK THE MOON,Shut Up and Dance,87,199080,TALKING IS HARD,2014-12-02
49449,Cris Mj,Una Noche en Medellín,87,153750,Una Noche en Medellín,2022-01-21
8049,Eagles,Hotel California - 2013 Remaster,87,391376,Hotel California (2013 Remaster),1976-12-08
7799,Billie Eilish,everything i wanted,87,245425,everything i wanted,2019-11-13
7649,Drake,Passionfruit,87,298940,More Life,2017-03-18
45849,Nicky Jam,69,87,221935,69,2023-05-19
25018,Lil Durk,Stand By Me (feat. Morgan Wallen),87,219173,Almost Healed,2023-05-26
25020,Morgan Wallen,You Proof,87,157477,One Thing At A Time,2023-03-03
21,Ed Sheeran,Thinking out Loud,87,281560,x (Deluxe Edition),2014-06-21
3149,Journey,Don't Stop Believin',87,250986,Escape (Bonus Track Version),1981
25045,Noah Kahan,Dial Drunk,87,213817,Stick Season (We'll All Be Here Forever),2023-06-09
8549,Harry Styles,Sign of the Times,87,340706,Harry Styles,2017-05-12
11849,Lil Baby,Drip Too Hard (Lil Baby & Gunna),87,145542,Drip Harder,2018-10-05
4449,Foster The People,Pumped Up Kicks,87,239600,Torches,2011-05-23
27,Lady Gaga,Shallow,87,215733,A Star Is Born Soundtrack,2018-10-05
26499,SZA,Low,87,181080,SOS,2022-12-09
37149,FIFTY FIFTY,Cupid,87,174253,The Beginning: Cupid,2023-02-24
8599,Calvin Harris,Summer,87,222533,Motion,2014-10-31
27449,El Alfa,PLEBADA,87,221739,PLEBADA,2023-06-08
3499,Bruno Mars,Just the Way You Are,87,220734,Doo-Wops & Hooligans,2010-10-05
14399,Rihanna,Love On The Brain,87,224000,ANTI (Deluxe),2016-01-28
8199,Måneskin,Beggin',87,211560,Chosen,2017-12-08
14949,Joji,SLOW DANCING IN THE DARK,86,209273,BALLADS 1,2018-10-26
43999,Tito Double P,DEMBOW BÉLICO,86,126522,DEMBOW BÉLICO,2023-06-03
15549,Outkast,Hey Ya!,86,235213,Speakerboxxx/The Love Below,2003
15899,Eurythmics,Sweet Dreams (Are Made of This) - Remastered,86,216933,Sweet Dreams (Are Made Of This),1983-01-04
25499,Drake,Spin Bout U,86,214588,Her Loss,2022-11-04
43349,Wesley Safadão,Covardia,86,150863,Covardia,2023-03-30
25799,NLE Choppa,SLUT ME OUT,86,123672,SLUT ME OUT,2022-04-22
37949,Hotel Ugly,Shut up My Moms Calling - (Sped Up),86,135529,Shut up My Moms Calling (Sped up),2022-09-14
36199,The Weeknd,Double Fantasy (with Future),86,268235,Double Fantasy,2023-04-21
32899,Taylor Swift,"You're On Your Own, Kid",86,194206,Midnights,2022-10-21
30899,Taylor Swift,Bejeweled,86,194165,Midnights,2022-10-21
29699,Odetari,LOOK DON’T TOUCH (feat. cade clair),86,138240,LOOK DON’T TOUCH (feat. cade clair),2023-05-17
29099,Metro Boomin,"All The Way Live (Spider-Man: Across the Spider-Verse) (Metro Boomin & Future, Lil Uzi Vert)",86,245240,METRO BOOMIN PRESENTS SPIDER-MAN: ACROSS THE SPIDER-VERSE (SOUNDTRACK FROM AND INSPIRED BY THE MOTION PICTURE),2023-06-02
28949,Beyoncé,AMERICA HAS A PROBLEM (feat. Kendrick Lamar),86,260962,AMERICA HAS A PROBLEM (feat. Kendrick Lamar),2023-05-19
28649,Metro Boomin,Hummingbird (Metro Boomin & James Blake),86,319493,METRO BOOMIN PRESENTS SPIDER-MAN: ACROSS THE SPIDER-VERSE (SOUNDTRACK FROM AND INSPIRED BY THE MOTION PICTURE),2023-06-02
28549,Post Malone,Mourning,86,147819,Mourning,2023-05-19
28149,Steve Lacy,Bad Habit,86,232114,Bad Habit,2022-06-29
39999,KAROL G,PROVENZA,86,207626,MAÑANA SERÁ BONITO,2023-02-24
16499,Kendrick Lamar,LOVE. FEAT. ZACARI.,86,213400,DAMN.,2017-04-14
40749,LE SSERAFIM,"Eve, Psyche & The Bluebeard’s wife",86,185538,UNFORGIVEN,2023-05-01
22999,One Direction,Story of My Life,86,245493,Midnight Memories (Deluxe),2013-11-25
19949,Britney Spears,Toxic,86,198800,In The Zone,2003-11-13
19049,A$AP Rocky,Praise The Lord (Da Shine) (feat. Skepta),86,205040,TESTING,2018-05-25
18799,Jhayco,No Me Conoce - Remix,86,309120,Famouz,2019-05-24
18199,Kendrick Lamar,Money Trees,86,386906,"good kid, m.A.A.d city",2012
17999,Bryson Tiller,Don't,86,198293,T R A P S O U L,2015-10-02
17949,Capital Cities,Safe And Sound,86,192789,In A Tidal Wave Of Mystery (Deluxe Edition),2013
17849,Usher,Yeah! (feat. Lil Jon & Ludacris),86,250373,Confessions (Expanded Edition),2004-03-23
43199,Junior H,El Hijo Mayor,86,196500,El Hijo Mayor,2022-05-20
13349,Lynyrd Skynyrd,Sweet Home Alabama,86,283800,Second Helping (Expanded Edition),1974-04-15
39349,Harry Styles,Matilda,86,245964,Harry's House,2022-05-20
9349,Train,"Hey, Soul Sister",86,216773,"Save Me, San Francisco (Golden Gate Edition)",2010-12-01
12799,Bad Bunny,Yonaguni,86,206710,Yonaguni,2021-06-04
45099,Tainy,MOJABI GHOST,86,232131,DATA,2023-06-29
11999,Avicii,Waiting For Love,86,230613,Stories,2015-10-02
36,XXXTENTACION,Jocelyn Flores,86,119133,17,2017-08-25
10499,Offset,Ric Flair Drip (with Metro Boomin),86,172800,Without Warning,2017-10-30
48,Marshmello,Happier,86,214289,Happier,2018-08-17
11599,Adele,Easy On Me,86,224694,30,2021-11-19
17,Billie Eilish,bad guy,86,194087,"WHEN WE ALL FALL ASLEEP, WHERE DO WE GO?",2019-03-29
2849,Billie Eilish,when the party's over,86,196077,"WHEN WE ALL FALL ASLEEP, WHERE DO WE GO?",2019-03-29
8649,XXXTENTACION,Everybody Dies In Their Nightmares,86,95466,17,2017-08-25
3549,Twenty One Pilots,Ride,86,214506,Blurryface,2015-05-15
12749,Dr. Dre,Still D.R.E.,86,270586,2001,1999-11-16
11499,Eminem,Love The Way You Lie,86,263373,Recovery,2010-06-18
44449,KAROL G,X SI VOLVEMOS,86,200120,MAÑANA SERÁ BONITO,2023-02-24
5999,Travis Scott,HIGHEST IN THE ROOM,86,175720,HIGHEST IN THE ROOM,2019-10-04
4099,Calvin Harris,This Is What You Came For,86,222160,This Is What You Came For,2016-04-29
5749,Justin Bieber,Peaches (feat. Daniel Caesar & Giveon),86,198081,Justice,2021-03-19
13099,Eminem,Godzilla (feat. Juice WRLD),86,210800,Music To Be Murdered By,2020-01-17
4949,Panic! At The Disco,High Hopes,86,190946,Pray for the Wicked,2018-06-22
46399,Grupo Firme,Qué Onda Perdida,86,239637,Qué Onda Perdida,2023-03-30
649,Halsey,Without Me,85,201660,Manic,2020-01-17
19449,Whitney Houston,I Wanna Dance with Somebody (Who Loves Me),85,291293,Whitney,1987-06-02
18849,Lady Gaga,Always Remember Us This Way,85,210200,A Star Is Born Soundtrack (Without Dialogue),2018-10-05
33449,Taylor Swift,Karma (feat. Ice Spice),85,201493,Midnights (The Til Dawn Edition),2023-05-26
33599,Jack Harlow,First Class,85,173947,Come Home The Kids Miss You,2022-05-06
34349,Metro Boomin,"Link Up (Metro Boomin & Don Toliver, Wizkid feat. BEAM & Toian) - Spider-Verse Remix (Spider-Man: Across the Spider-Verse )",85,195386,METRO BOOMIN PRESENTS SPIDER-MAN: ACROSS THE SPIDER-VERSE (SOUNDTRACK FROM AND INSPIRED BY THE MOTION PICTURE),2023-06-02
25599,Toosii,Favorite Song,85,208630,Favorite Song,2023-02-17
10799,Pitbull,Timber (feat. Ke$ha),85,204160,Global Warming: Meltdown (Deluxe Version),2012
32249,Kanii,I Know - PR1SVX Edit,85,133829,I Know (PR1SVX Edit),2023-03-24
17799,Coldplay,My Universe,85,226198,Music Of The Spheres,2021-10-15
44,Macklemore & Ryan Lewis,Can't Hold Us (feat. Ray Dalton),85,258342,The Heist,2012-10-09
10949,Ariana Grande,positions,85,172324,Positions,2020-10-30
17499,Bruno Mars,Talking to the Moon,85,217866,Doo-Wops & Hooligans,2010-10-05
42,Lil Uzi Vert,XO Tour Llif3,85,182706,Luv Is Rage 2,2017-08-25
16649,Sam Smith,Unholy (feat. Kim Petras),85,156943,Gloria,2023-01-27
16449,Pitbull,Time of Our Lives,85,229360,Globalization,2014-11-21
9649,MAGIC!,Rude,85,224840,Don't Kill the Magic,2014-06-25
31949,Metro Boomin,"Home (Metro Boomin & Don Toliver, Lil Uzi Vert)",85,195320,METRO BOOMIN PRESENTS SPIDER-MAN: ACROSS THE SPIDER-VERSE (SOUNDTRACK FROM AND INSPIRED BY THE MOTION PICTURE),2023-06-02
849,Post Malone,Congratulations,85,220293,Stoney (Deluxe),2016-12-09
45949,Jimin,Set Me Free Pt.2,85,200929,Set Me Free Pt.2,2023-03-17
3899,Post Malone,Wow.,85,149546,Hollywood's Bleeding,2019-09-06
39649,La Adictiva,JGL,85,158093,JGL,2022-02-18
24549,Red Hot Chili Peppers,Can't Stop,85,269000,By the Way (Deluxe Edition),2002-07-09
46149,Bad Bunny,Tarot,85,237894,Un Verano Sin Ti,2022-05-06
28049,Yeat,Out thë way,85,150241,Lyfë,2022-09-09
26199,Lil Uzi Vert,Flooded The Face,85,192727,Pink Tape,2023-06-30
2599,Maroon 5,Sugar,85,235493,V,2014-09-02
2349,Lukas Graham,7 Years,85,237300,Lukas Graham,2016-04-01
47599,Chencho Corleone,Un Cigarrillo,85,184266,Un Cigarrillo,2023-05-04
4649,Danny Ocean,Me Rehúso,85,205714,54+1,2019-03-22
22449,Swedish House Mafia,Don't You Worry Child - Radio Edit,85,212862,Don't You Worry Child,2012-09-14
22399,Daft Punk,Get Lucky (Radio Edit) [feat. Pharrell Williams and Nile Rodgers],85,248413,Get Lucky (Radio Edit) [feat. Pharrell Williams and Nile Rodgers],2013-04-19
29799,Brent Faiyaz,JACKIE BROWN,85,169013,WASTELAND,2022-07-08
1799,Roddy Ricch,The Box,85,196652,Please Excuse Me for Being Antisocial,2019-12-06
1749,BTS,Dynamite,85,199053,BE,2020-11-20
1699,XXXTENTACION,Moonlight,85,135090,?,2018-03-16
31099,Naturelle,Falling Asleep,85,107245,Restful White Noise,2022-02-08
31649,Metro Boomin,Niagara Falls (Foot or 2) [with Travis Scott & 21 Savage],85,207306,HEROES & VILLAINS,2022-12-02
45449,JISOO,FLOWER,85,173134,ME,2023-03-31
44349,Oscar Maydon,Los Collares,85,148793,Los Collares,2022-09-30
799,Post Malone,Better Now,85,231266,beerbongs & bentleys,2018-04-27
5399,DNCE,Cake By The Ocean,85,219146,DNCE,2016-11-18
49499,Kenshi Yonezu,KICK BACK,85,193495,KICK BACK,2022-10-12
36999,Ovy On The Drums,EL HECHIZO,85,167988,EL HECHIZO,2023-03-09
39499,Iniko,Jericho,85,158133,Jericho,2023-04-15
15249,J. Cole,MIDDLE CHILD,85,213593,MIDDLE CHILD,2019-01-23
36799,Grupo Marca Registrada,Di Que Si,85,190553,Di Que Si,2023-02-03
19,Dua Lipa,Don't Start Now,85,183290,Future Nostalgia,2020-03-27
15749,Bruno Mars,Leave The Door Open,85,242096,An Evening With Silk Sonic,2021-11-11
12549,Tate McRae,you broke me first,85,169265,you broke me first,2020-04-17
12999,Don Omar,Danza Kuduro,85,198773,Meet The Orphans,2010-01-01
38799,Bad Bunny,Party,85,227628,Un Verano Sin Ti,2022-05-06
38099,Kylie Minogue,Padam Padam,85,166266,Padam Padam,2023-05-18
12349,Backstreet Boys,I Want It That Way,85,213306,Millennium,1999-05-18
13699,Kings of Leon,Sex on Fire,85,203346,Only By The Night,2008-09-23
38699,Freddie Dredd,Limbo,84,169946,Freddie's Inferno,2022-08-11
2149,Shawn Mendes,Stitches,84,206880,Handwritten,2015-04-14
47749,keshi,UNDERSTAND,84,150519,GABRIEL,2022-03-25
37599,Peso Pluma,El Belicon,84,214397,El Belicón,2022-02-04
1549,24kGoldn,Mood (feat. iann dior),84,140533,El Dorado,2021-03-26
1349,Ariana Grande,"thank u, next",84,207320,"thank u, next",2019-02-08
25749,Morgan Wallen,Cowgirls (feat. ERNEST),84,181621,One Thing At A Time,2023-03-03
37349,Fuerza Regida,Mi Terre CLN,84,172056,Pa Que Hablen,2022-12-30
14999,The Weeknd,Save Your Tears (with Ariana Grande) (Remix),84,191013,Save Your Tears (Remix),2021-04-23
5949,XXXTENTACION,Fuck Love (feat. Trippie Redd),84,146520,17,2017-08-25
12449,MKTO,Classic,84,175426,MKTO,2012
32349,Odetari,GOOD LOYAL THOTS,84,102556,GOOD LOYAL THOTS,2023-03-15
20149,Ariana Grande,Stuck with U (with Justin Bieber),84,228482,Stuck with U,2020-05-08
32,XXXTENTACION,SAD!,84,166605,?,2018-03-16
26599,Luke Combs,The Kind of Love We Make,84,224426,Growin' Up,2022-06-24
7099,Martin Garrix,In the Name of Love,84,195706,In the Name of Love,2016-07-29
4549,Powfu,death bed (coffee for your head),84,173333,death bed (coffee for your head),2020-02-08
38,Vance Joy,Riptide,84,204280,Dream Your Life Away (Special Edition),2014-09-09
38199,SZA,Open Arms (feat. Travis Scott),84,239613,SOS,2022-12-09
24849,Lil Baby,Yes Indeed,84,142273,Harder Than Ever,2018-05-18
22149,The Weeknd,Save Your Tears (Remix) (with Ariana Grande) - Bonus Track,84,191013,After Hours (Deluxe),2020-03-20
6499,Michael Jackson,Billie Jean,84,293826,Thriller 25 Super Deluxe Edition,2008-02-08
28249,Young Thug,Oh U Went (feat. Drake),84,185333,BUSINESS IS BUSINESS,2023-06-23
8699,XXXTENTACION,Look At Me!,84,126345,Look At Me!,2017-02-20
14049,Taylor Swift,Blank Space,84,231826,1989,2014-10-27
28499,Brent Faiyaz,ALL MINE,84,216062,WASTELAND,2022-07-08
2799,Twenty One Pilots,Heathens,84,195920,Heathens,2016-06-16
2699,5 Seconds of Summer,Youngblood,84,203417,Youngblood (Deluxe),2018-06-15
14349,Maroon 5,Animals,84,231013,V,2014-09-02
2549,Luis Fonsi,Despacito,84,229360,VIDA,2019-02-01
29149,Don Toliver,Private Landing (feat. Justin Bieber & Future),84,238253,Love Sick,2023-02-24
22949,Bruno Mars,Treasure,84,178560,Unorthodox Jukebox,2012-12-07
40849,Harry Styles,Keep Driving,84,140241,Harry's House,2022-05-20
33299,Kendrick Lamar,United In Grief,84,255377,Mr. Morale & The Big Steppers,2022-05-13
13,Shawn Mendes,Señorita,84,190799,Shawn Mendes (Deluxe),2019-06-19
7949,Jonas Brothers,Sucker,84,181026,Happiness Begins,2019-06-07
41199,Junior H,Los Botones Azules,84,135611,Mi Vida En Un Cigarro 2,2022-02-11
4599,Doja Cat,Kiss Me More (feat. SZA),84,208666,Planet Her,2021-06-25
6199,Anne-Marie,2002,84,186986,Speak Your Mind (Deluxe),2018-04-27
6949,Christina Perri,A Thousand Years,84,285120,A Thousand Years,2011-10-18
34949,Taylor Swift,Maroon,84,218270,Midnights,2022-10-21
18249,Fall Out Boy,Centuries,84,228360,American Beauty/American Psycho,2015-01-20
299,Justin Bieber,Sorry,84,200786,Purpose (Deluxe),2015-11-13
33799,Jack Black,Peaches,84,95440,The Super Mario Bros. Movie (Original Motion Picture Soundtrack),2023-04-07
47,Dua Lipa,New Rules,84,209320,Dua Lipa (Deluxe),2017-06-02
5699,Khalid,Young Dumb & Broke,84,202546,American Teen,2017-04-27
16949,Imagine Dragons,Natural,84,189466,Origins (Deluxe),2018-11-09
11349,Lil Tecca,Ransom,84,131240,We Love You Tecca,2019-08-30
17549,Doja Cat,Need to Know,84,210560,Planet Her,2021-06-25
35699,Fuerza Regida,Billete Grande (En Vivo),84,163940,Billete Grande (En Vivo),2022-08-02
36849,Jaziel Avilez,Ando Enfocado,84,184106,Ando Enfocado,2022-11-18
16749,Daniel Caesar,Best Part (feat. H.E.R.),84,209831,Freudian,2017-08-25
43549,Harry Styles,Music For a Sushi Restaurant,84,193813,Harry's House,2022-05-20
16699,Gym Class Heroes,Stereo Hearts (feat. Adam Levine),84,210960,The Papercut Chronicles II,2011-11-11
34699,Miley Cyrus,Jaded,84,185933,Endless Summer Vacation,2023-03-10
16549,Selena Gomez,Lose You To Love Me,84,206458,Rare,2020-01-10
25149,Morgan Wallen,Ain’t That Some,84,158003,One Thing At A Time,2023-03-03
34499,Doja Cat,Vegas (From the Original Motion Picture Soundtrack ELVIS),84,182906,Vegas (From the Original Motion Picture Soundtrack ELVIS),2022-05-06
45299,Dove Cameron,Boyfriend,84,153000,Boyfriend,2022-02-11
9249,Regard,Ride It,83,157605,Ride It,2019-07-26
37799,EI8HT,Silk & Cologne (EI8HT & Offset) - Spider-Verse Remix,83,162280,METRO BOOMIN PRESENTS SPIDER-MAN: ACROSS THE SPIDER-VERSE (SOUNDTRACK FROM AND INSPIRED BY THE MOTION PICTURE),2023-06-02
29749,Gunna,P power (feat. Drake),83,193346,DS4EVER,2022-01-13
6349,NF,Let You Down,83,212120,Perception,2017-10-06
29249,Lil Uzi Vert,Endless Fashion (feat. Nicki Minaj),83,216703,Pink Tape,2023-06-30
34999,Don Toliver,"Givin’ Up (Not The One) (Don Toliver & 21 Savage, 2 Chainz)",83,234693,METRO BOOMIN PRESENTS SPIDER-MAN: ACROSS THE SPIDER-VERSE (SOUNDTRACK FROM AND INSPIRED BY THE MOTION PICTURE),2023-06-02
17399,The Fray,How to Save a Life,83,262533,How To Save A Life,2005-09-13
43,Camila Cabello,Havana (feat. Young Thug),83,217306,Camila,2018-01-12
15799,Lorde,Royals,83,190185,Pure Heroine,2013-09-27
46449,Lizzo,About Damn Time,83,191822,About Damn Time,2022-04-14
2399,Jason Mraz,I'm Yours,83,242946,We Sing. We Dance. We Steal Things.,2008-05-12
19099,Kendrick Lamar,DNA.,83,185946,DAMN.,2017-04-14
29449,Lil Uzi Vert,Aye (feat. Travis Scott),83,207835,Pink Tape,2023-06-30
28599,Lil Uzi Vert,Suicide Doors,83,259079,Pink Tape,2023-06-30
23349,Kanye West,Gold Digger,83,207626,Late Registration,2005-08-30
35249,Offset,Danger (Spider) (Offset & JID),83,205266,METRO BOOMIN PRESENTS SPIDER-MAN: ACROSS THE SPIDER-VERSE (SOUNDTRACK FROM AND INSPIRED BY THE MOTION PICTURE),2023-06-02
36249,Peso Pluma,LADY GAGA,83,212878,GÉNESIS,2023-06-29
16099,Meek Mill,Going Bad (feat. Drake),83,180522,Championships,2018-11-30
26749,Morgan Wallen,One Thing At A Time,83,206864,One Thing At A Time,2023-03-03
7899,Bruno Mars,24K Magic,83,225983,24K Magic,2016-11-17
8099,Daddy Yankee,Con Calma,83,193226,Con Calma,2019-01-24
8149,Zara Larsson,Lush Life,83,201122,So Good,2017-03-17
44499,Chance Peña,In My Room,83,177609,In My Room,2022-05-06
27149,Bailey Zimmerman,Rock and A Hard Place,83,207540,Religiously. The Album.,2023-05-12
8499,Ed Sheeran,Castle on the Hill,83,261153,÷ (Deluxe),2017-03-03
47199,Rauw Alejandro,LOKERA,83,197101,SATURNO,2023-01-24
3699,Ava Max,Sweet but Psycho,83,187436,Heaven & Hell,2020-09-18
26099,Zach Bryan,Sun to Me,83,163031,American Heartbreak,2022-05-20
27649,Lil Durk,War Bout It (feat. 21 Savage),83,160202,Almost Healed,2023-05-26
5299,Marshmello,Silence,83,180822,Silence,2017-08-11
35299,Kendrick Lamar,N95,83,195950,Mr. Morale & The Big Steppers,2022-05-13
23699,Smash Mouth,All Star,83,200373,Astro Lounge,1999-06-08
2949,Post Malone,I Fall Apart,83,223346,Stoney (Deluxe),2016-12-09
10649,Maroon 5,She Will Be Loved - Radio Mix,83,259453,Songs About Jane: 10th Anniversary Edition,2002
28699,Future,PUFFIN ON ZOOTIEZ,83,172933,I NEVER LIKED YOU,2022-04-29
48799,The Weeknd,Out of Time,83,214193,Dawn FM,2022-01-06
41749,JVKE,this is what falling in love feels like,83,120308,this is what ____ feels like (Vol. 1-4),2022-09-23
9399,Ed Sheeran,Galway Girl,83,170826,÷ (Deluxe),2017-03-03
43899,The Kid LAROI,Love Again,83,146640,Love Again,2023-01-27
32699,Ice Spice,In Ha Mood,83,129360,In Ha Mood,2023-01-06
19999,Kodaline,All I Want,83,305746,In A Perfect World (Expanded Edition),2013-06-17
1449,Lil Nas X,MONTERO (Call Me By Your Name),83,137704,MONTERO,2021-09-17
32399,SZA,Shirt,83,181840,SOS,2022-12-09
32199,Baby Keem,The Hillbillies,83,204800,The Hillbillies,2023-06-05
4499,Dua Lipa,IDGAF,83,217946,Dua Lipa (Deluxe),2017-06-02
42799,Bad Bunny,Después de la Playa,83,230400,Un Verano Sin Ti,2022-05-06
9949,Axwell /\ Ingrosso,More Than You Know,83,203000,More Than You Know,2017-07-28
45399,Peso Pluma,77,83,215745,77,2023-05-05
5449,Zedd,The Middle,83,184732,The Middle,2018-01-23
48299,Junior H,Vamos Para Arriba,83,172227,Vamos Para Arriba,2022-06-03
33099,Lyrical Lemonade,Doomsday (with Juice WRLD & Cordae),83,150967,Doomsday,2023-06-23
41499,The Weeknd,"One Of The Girls (with JENNIE, Lily Rose Depp)",83,244684,The Idol Episode 4 (Music from the HBO Original Series),2023-06-23
42849,ATEEZ,BOUNCY (K-HOT CHILLI PEPPERS),83,187310,THE WORLD EP.2 : OUTLAW,2023-06-16
19149,Lil Peep,Falling Down - Bonus Track,83,196400,"Come Over When You're Sober, Pt. 2",2018-11-09
20049,Joji,Glimpse of Us,83,233456,SMITHEREENS,2022-11-04
19249,Ali Gatie,It's You,83,212606,YOU,2019-11-08
15449,Calum Scott,Dancing On My Own,83,260285,Only Human (Deluxe),2018-03-09
27599,Zach Bryan,"Burn, Burn, Burn",82,268856,"Burn, Burn, Burn",2022-09-08
39749,Suki Waterhouse,Good Looking,82,214800,Good Looking,2022-08-18
27899,Bailey Zimmerman,Religiously,82,178723,Religiously. The Album.,2023-05-12
27799,Old Dominion,Memory Lane,82,172480,Memory Lane,2023-01-05
49349,Fuerza Regida,911 - En Vivo,82,175423,911 (En Vivo),2022-11-30
27699,Zach Bryan,Oklahoma Smokeshow,82,211739,Summertime Blues,2022-07-15
24499,Red Hot Chili Peppers,Snow (Hey Oh),82,334666,Stadium Arcadium,2006-05-09
27849,Cole Swindell,She Had Me At Heads Carolina,82,206106,Stereotype,2022-04-08
44899,Beyoncé,AMERICA HAS A PROBLEM,82,198897,RENAISSANCE,2022-07-29
21849,Coldplay,Adventure of a Lifetime,82,263786,A Head Full of Dreams,2015-12-04
549,Lil Nas X,INDUSTRY BABY (feat. Jack Harlow),82,212352,MONTERO,2021-09-17
18699,Pop Smoke,For The Night (feat. Lil Baby & DaBaby),82,190476,Shoot For The Stars Aim For The Moon,2020-07-03
33499,Lijay,I love freaks,82,101198,I love freaks,2023-01-30
32849,Bad Omens,Just Pretend,82,204676,THE DEATH OF PEACE OF MIND,2022-02-25
19699,Calvin Harris,How Deep Is Your Love,82,212640,How Deep Is Your Love,2015-07-17
3799,Cardi B,I Like It,82,253390,Invasion of Privacy,2018-04-06
26999,Morgan Wallen,Thought You Should Know,82,215571,One Thing At A Time,2023-03-03
32999,Nicki Minaj,Red Ruby Da Sleeze,82,214445,Red Ruby Da Sleeze,2023-03-03
7849,Selena Gomez,Wolves,82,197993,Wolves,2017-10-25
6699,Dynoro,In My Mind,82,184560,In My Mind,2018-06-08
44199,Taylor Swift,The Great War,82,240355,Midnights (3am Edition),2022-10-22
45899,Grupo Frontera,Le Va Doler,82,153645,Le Va Doler,2023-05-25
9849,Jessie J,Bang Bang,82,199386,Sweet Talker (Deluxe Version),2014-10-14
36049,NF,HAPPY,82,242691,HOPE,2023-04-07
16149,Tiësto,The Business,82,164000,The Business,2020-09-16
40049,Odetari,NARCISSISTIC PERSONALITY DISORDER,82,110510,NARCISSISTIC PERSONALITY DISORDER,2023-04-01
28199,Zach Bryan,Dawns (feat. Maggie Rogers),82,290892,Dawns (feat. Maggie Rogers),2023-01-27
3249,benny blanco,Eastside (with Halsey & Khalid),82,170769,FRIENDS KEEP SECRETS,2018-12-07
28099,Megan Moroney,Tennessee Orange,82,223119,Lucky,2023-05-05
29349,Luke Combs,"Going, Going, Gone",82,177266,Growin' Up,2022-06-24
40999,Cults,Gilded Lily,82,212736,Offering,2022-10-26
12049,Robin Schulz,Sugar (feat. Francesco Yates),82,219043,Sugar,2015-09-25
22649,Miley Cyrus,We Can't Stop,82,231240,Bangerz (Deluxe Version),2013-10-04
37699,Taylor Swift,Vigilante Shit,82,164801,Midnights,2022-10-21
11899,Post Malone,Goodbyes (feat. Young Thug),82,174853,Hollywood's Bleeding,2019-09-06
37849,Peso Pluma,TULUM,82,209415,GÉNESIS,2023-06-29
21499,R. City,Locked Away (feat. Adam Levine),82,227480,What Dreams Are Made Of,2015-10-09
10849,Drake,Nice For What,82,210746,Scorpion,2018-06-29
41549,Metro Boomin,Around Me (feat. Don Toliver),82,191520,HEROES & VILLAINS,2022-12-02
4749,ZAYN,Dusk Till Dawn (feat. Sia) - Radio Edit,82,239000,Icarus Falls,2018-12-14
1999,Sia,Cheap Thrills,82,211666,This Is Acting,2016-01-29
29949,Lil Durk,Cross The Globe (feat. Juice WRLD),82,124905,Almost Healed,2023-05-26
10599,Portugal. The Man,Feel It Still,82,163253,Woodstock,2017-06-16
30099,Lil Baby,Go Hard,82,217610,Go Hard,2023-05-03
1499,Bad Bunny,DÁKITI,82,205090,EL ÚLTIMO TOUR DEL MUNDO,2020-11-27
36599,Laufey,From The Start,82,169573,From The Start,2023-05-11
37549,Mac Miller,Love Lost,82,162875,"I Love Life, Thank You",2022-07-22
37299,SZA,Kill Bill (feat. Doja Cat),82,175836,Kill Bill (feat. Doja Cat),2023-04-14
21899,Katy Perry,Roar,82,223546,PRISM,2013-01-01
35599,Conjunto Rienda Real,Sobran Motivos,82,185338,Sobran Motivos,2023-02-10
36449,SZA,Blind,82,150720,SOS,2022-12-09
45049,Jonas Brothers,Waffle House,82,145440,Waffle House,2023-04-07
37199,Lana Del Rey,Let The Light In (feat. Father John Misty),82,278126,Did you know that there's a tunnel under Ocean Blvd,2023-03-24
32149,JID,Surround Sound (feat. 21 Savage & Baby Tate),82,229938,The Forever Story (Extended Version),2022-10-31
14299,Joel Corry,Head & Heart (feat. MNEK),82,166028,Head & Heart (feat. MNEK),2020-07-03
31799,Gunna,back to the moon,82,193333,a Gift & a Curse,2023-06-16
2449,Nirvana,Smells Like Teen Spirit,82,301920,Nevermind (Remastered),1991-09-26
36549,Yeat,Flawlëss (feat. Lil Uzi Vert),82,176124,Lyfë,2022-09-09
34299,Yeat,Already Rich,82,145528,Already Rich,2023-05-03
9449,Cardi B,WAP (feat. Megan Thee Stallion),82,187541,WAP (feat. Megan Thee Stallion),2020-08-07
44249,La Maquinaria Norteña,Eres Ese Algo,82,173586,Al Derecho Y Al Reverso,2022-10-14
33149,Drake,On BS,82,261543,Her Loss,2022-11-04
5099,Ellie Goulding,"Love Me Like You Do - From ""Fifty Shades Of Grey""",81,252534,Delirium (Deluxe),2015-11-06
38949,Jack Harlow,They Don't Love It,81,113292,Jackman.,2023-04-28
39149,beabadoobee,the perfect pair,81,177533,Beatopia,2022-07-15
36099,"Tyler, The Creator",SORRY NOT SORRY,81,206049,CALL ME IF YOU GET LOST: The Estate Sale,2023-03-31
4299,Post Malone,Psycho (feat. Ty Dolla $ign),81,221440,beerbongs & bentleys,2018-04-27
31249,Noah Kahan,Stick Season,81,182346,Stick Season,2022-10-14
35949,Steve Lacy,Static,81,156506,Gemini Rights,2022-07-15
35649,Drake,Pussy & Millions (feat. Travis Scott),81,242026,Her Loss,2022-11-04
33549,Sam Barber,Straight and Narrow,81,199874,Straight and Narrow,2023-04-12
36899,Superstar Pride,PAINTING PICTURES,81,122070,5LBS OF PRESSURE,2022-10-20
449,Eminem,Lose Yourself,81,326466,Curtain Call: The Hits (Deluxe Edition),2005-12-06
32549,Toosii,Pull Up (feat. 21 Savage),81,133000,NAUJOUR,2023-06-02
48499,Nicki Minaj,Super Freaky Girl,81,170977,Super Freaky Girl,2022-08-12
48449,Peso Pluma,Sentosa,81,151594,Sentosa,2022-05-13
31349,Noah Kahan,You’re Gonna Go Far,81,286369,Stick Season (We'll All Be Here Forever),2023-06-09
29899,Kelsea Ballerini,IF YOU GO DOWN (I'M GOIN' DOWN TOO),81,166035,SUBJECT TO CHANGE,2022-09-23
38499,Lil Peep,nuts,81,85360,LIVE FOREVER,2022-12-02
29849,Jordan Davis,Next Thing You Know,81,175237,Next Thing You Know,2022-08-12
29399,Jelly Roll,Need A Favor,81,197400,Whitsitt Chapel,2023-06-02
2649,DaBaby,ROCKSTAR (feat. Roddy Ricch),81,181733,BLAME IT ON BABY,2020-04-17
28399,Tyler Hubbard,Dancin’ In The Country,81,179640,Tyler Hubbard,2023-01-27
38149,Clara La San,In This Darkness,81,197000,In This Darkness,2023-01-29
3299,Lil Nas X,Old Town Road - Remix,81,157066,7 EP,2019-06-21
3649,Justin Bieber,What Do You Mean?,81,205680,Purpose (Deluxe),2015-11-13
3949,Dean Lewis,Be Alright,81,196493,A Place We Knew,2019-03-22
3999,Trevor Daniel,Falling,81,159381,Nicotine,2020-03-26
30199,DaBaby,SHAKE SUMN,81,124805,CALL DA FIREMAN,2023-05-05
46499,Falling In Reverse,Watch The World Burn,81,203948,Watch The World Burn,2023-01-31
18999,Rihanna,FourFiveSeconds,81,188238,FourFiveSeconds,2015-01-24
24249,G-Eazy,Him & I (with Halsey),81,268866,The Beautiful & Damned,2017-12-15
42599,Metro Boomin,"Nonviolent Communication (Metro Boomin & James Blake, A$AP Rocky, 21 Savage)",81,209533,METRO BOOMIN PRESENTS SPIDER-MAN: ACROSS THE SPIDER-VERSE (SOUNDTRACK FROM AND INSPIRED BY THE MOTION PICTURE),2023-06-02
40449,Eric Land,Chorei na Vaquejada,81,157170,Som de Paredão,2023-05-05
24949,Ariana Grande,God is a woman,81,197546,Sweetener,2018-08-17
39699,SZA,Good Days,81,278480,SOS,2022-12-09
12099,Miley Cyrus,Party In The U.S.A.,81,202066,The Time Of Our Lives,2009-01-01
41399,Kanii,Go (Xtayalive 2),81,106307,Go (Xtayalive 2),2023-04-28
39799,Omar Apollo,Evergreen (You Didn’t Deserve Me At All),81,216680,Ivory,2022-04-08
24449,George Ezra,Shotgun,81,201287,Staying at Tamara's,2018-03-23
19499,Drake,Nonstop,81,238614,Scorpion,2018-06-29
12249,Doja Cat,Say So,81,237893,Hot Pink,2019-11-07
44399,Kendrick Lamar,Die Hard,81,239026,Mr. Morale & The Big Steppers,2022-05-13
22799,Meghan Trainor,Like I'm Gonna Lose You (feat. John Legend),81,225053,Title (Deluxe),2015-01-09
10249,blackbear,hot girl bummer,81,188343,everything means nothing,2020-08-21
23899,Shakira,Chantaje (feat. Maluma),81,195840,El Dorado,2017-05-26
9099,ZAYN,PILLOWTALK,81,202746,Mind Of Mine (Deluxe Edition),2016-03-25
10349,Martin Garrix,Scared to Be Lonely,81,220883,Scared to Be Lonely,2017-01-27
40599,CHINCHILLA,Little Girl Gone,81,188596,Little Girl Gone,2023-04-21
23649,Post Malone,Go Flex,81,179613,Stoney (Deluxe),2016-12-09
42899,beabadoobee,Glue Song,81,135066,Glue Song,2023-02-14
9049,Lord Huron,The Night We Met,81,208211,Strange Trails,2015-04-07
8249,Drake,Hotline Bling,81,267066,Views,2016-05-06
23499,Kanye West,POWER,81,292093,My Beautiful Dark Twisted Fantasy,2010-11-22
5899,gnash,"i hate u, i love u (feat. olivia o'brien)",81,251033,us,2016-03-25
9599,Khalid,Better,81,229320,Suncity,2018-10-18
13399,Maluma,Hawái,81,199112,PAPI JUANCHO,2020-08-21
7199,XXXTENTACION,changes,81,121886,?,2018-03-16
5799,Marshmello,FRIENDS,81,202620,FRIENDS,2018-02-09
16999,Post Malone,White Iverson,81,256533,Stoney (Deluxe),2016-12-09
13249,BTS,Butter,81,164952,Proof,2022-06-10
31399,Lil Durk,Broadway Girls (feat. Morgan Wallen),80,185600,7220 (Reloaded),2022-03-10
29499,Morgan Wallen,’98 Braves,80,178704,One Thing At A Time,2023-03-03
40799,Summer Walker,"To Summer, From Cole - Audio Hug",80,147666,CLEAR 2: SOFT LIFE EP,2023-05-19
30699,Bailey Zimmerman,Fall In Love,80,232058,Religiously. The Album.,2023-05-12
42349,Eslabon Armado,Quedate Conmigo,80,160752,DESVELADO,2023-04-28
20849,Flo Rida,My House,80,192190,My House,2015-04-07
10299,Snoop Dogg,"Young, Wild & Free (feat. Bruno Mars)",80,207333,"Young, Wild & Free (feat. Bruno Mars)",2011-10-11
31549,Lil Uzi Vert,Crush Em,80,165589,Pink Tape,2023-06-30
42249,Sleepy Hallow,Die Young (feat. 347aidan),80,148816,Die Young (feat. 347aidan),2022-05-25
48549,Fuerza Regida,Modo Maldito,80,134624,Pa Que Hablen,2022-12-30
31699,Lil Uzi Vert,x2,80,234324,Pink Tape,2023-06-30
47649,Taylor Swift,Mastermind,80,191039,Midnights,2022-10-21
14849,Topic,Breaking Me,80,166793,Breaking Me,2019-12-19
33199,Young Nudy,Peaches & Eggplants (feat. 21 Savage),80,203813,Peaches & Eggplants (feat. 21 Savage),2023-02-27
30649,Morgan Wallen,Everything I Love,80,187047,One Thing At A Time,2023-03-03
31149,Kane Brown,Thank God,80,174560,Different Man,2022-09-09
29999,Morgan Wallen,Sunrise,80,182522,One Thing At A Time,2023-03-03
30049,HARDY,TRUCK BED,80,167534,the mockingbird & THE CROW,2023-01-20
41849,Gunna,bread & butter,80,226360,bread & butter,2023-06-02
41449,Yeat,Talk,80,174857,Lyfë,2022-09-09
42499,Kendrick Lamar,Rich Spirit,80,202285,Mr. Morale & The Big Steppers,2022-05-13
42549,Drake,Circo Loco,80,236795,Her Loss,2022-11-04
30299,That Mexican OT,Johnny Dang (with Paul Wall & DRODi),80,192000,Johnny Dang (with Paul Wall & DRODi),2023-05-26
30399,Jon Pardi,Your Heart Or Mine,80,161200,Mr. Saturday Night,2022-09-02
48699,Metro Boomin,Raindrops (Insane) [with Travis Scott],80,188586,HEROES & VILLAINS,2022-12-02
30799,Lil Uzi Vert,I Gotta,80,173025,Pink Tape,2023-06-30
14699,Metallica,Enter Sandman (Remastered),80,331560,Metallica (Remastered),1991-08-12
21599,Ariana Grande,Break Free,80,214840,My Everything (Deluxe),2014-08-25
30449,Morgan Wallen,Man Made A Bar (feat. Eric Church),80,191231,One Thing At A Time,2023-03-03
40349,SZA,Awkward,80,178000,Ctrl (Deluxe),2022-06-09
24149,Zion & Lennox,Otra vez (feat. J Balvin),80,209453,Motivan2,2016-09-30
35099,DDG,I'm Geekin,80,101946,I'm Geekin,2023-04-21
15949,Dua Lipa,Break My Heart,80,221820,Future Nostalgia,2020-03-27
46249,Drake,Sticky,80,243227,"Honestly, Nevermind",2022-06-17
13599,Katy Perry,Dark Horse,80,215672,PRISM (Deluxe),2013-10-18
6749,Khalid,Location,80,219080,American Teen,2017-04-27
24749,Lil Nas X,Old Town Road,80,113000,7 EP,2019-06-21
12949,Nio Garcia,Te Boté - Remix,80,417920,Te Boté (Remix),2018-04-13
47299,Jonas Brothers,Summer Baby,80,161811,The Album,2023-05-12
24699,Ozuna,Vaina Loca,80,176133,Aura,2018-08-24
18149,Keane,Somewhere Only We Know,80,236160,Hopes And Fears,2004-01-01
17049,Calvin Harris,"Feels (feat. Pharrell Williams, Katy Perry & Big Sean)",80,223413,Funk Wav Bounces Vol.1,2017-06-30
7049,Clean Bandit,Symphony (feat. Zara Larsson),80,212733,What Is Love? (Deluxe Edition),2018-11-30
7699,Ariana Grande,no tears left to cry,80,205920,Sweetener,2018-08-17
4699,Arizona Zervas,ROXANNE,80,163636,ROXANNE,2019-10-10
8299,Bad Bunny,Callaita,80,250533,Callaita,2019-05-31
39449,Quavo,HOTEL LOBBY (Unc & Phew),80,142657,Only Built For Infinity Links,2022-10-07
16799,Loud Luxury,Body,80,163216,Body,2017-10-27
38599,boygenius,Not Strong Enough,80,234933,the record,2023-03-31
46749,John Summit,Where You Are,80,236000,Where You Are,2023-03-03
17249,Taylor Swift,Shake It Off,80,219200,1989,2014-10-27
18349,Nirvana,Come As You Are,80,218920,Nevermind (Remastered),1991-09-26
13949,Rauw Alejandro,Todo De Ti,80,199604,VICE VERSA,2021-12-10
34099,Ivan Cornejo,La Curiosidad,80,216000,Dañado,2022-06-02
45649,Taylor Swift,"Would've, Could've, Should've",80,260361,Midnights (3am Edition),2022-10-22
8999,G-Eazy,"Me, Myself & I",80,251466,When It's Dark Out,2015-12-04
39299,Peso Pluma,LUNA,80,163551,GÉNESIS,2023-06-29
36649,Marshmello,Fell In Love,80,121283,Fell In Love,2023-05-05
32599,HARDY,red (feat. Morgan Wallen),79,205767,the mockingbird & THE CROW,2023-01-20
33849,Lil Uzi Vert,Werewolf (feat. Bring Me The Horizon),79,239863,Pink Tape,2023-06-30
5549,Drake,In My Feelings,79,217925,Scorpion,2018-06-29
32449,Lil Uzi Vert,Pluto to Mars,79,246497,Pink Tape,2023-06-30
31999,Morgan Wallen,Dying Man,79,183466,One Thing At A Time,2023-03-03
16599,Survivor,Eye of the Tiger,79,243773,Eye Of The Tiger,1982
35999,Noah Kahan,Call Your Mom,79,278670,Stick Season (We'll All Be Here Forever),2023-06-09
35399,$uicideboy$,1000 Blunts,79,175476,"Sing Me a Lullaby, My Sweet Temptation",2022-07-29
17449,Hailee Steinfeld,"Let Me Go (with Alesso, Florida Georgia Line & watt)",79,174800,"Let Me Go (with Alesso, Florida Georgia Line & watt)",2017-09-08
43649,NLE Choppa,Capo,79,192200,Capo,2022-01-13
32799,Lil Uzi Vert,Spin Again,79,97769,Pink Tape,2023-06-30
18499,The Lumineers,Ophelia,79,160097,Cleopatra,2016-04-08
49099,Melanie Martinez,EVIL,79,246294,PORTALS,2023-03-31
34249,Latto,Put It On Da Floor Again (feat. Cardi B),79,185748,Put It On Da Floor Again (feat. Cardi B),2023-06-02
10049,Zedd,Stay,79,210090,Stay,2017-02-23
33349,Bryan Martin,We Ride,79,188482,Poets & Old Souls,2023-03-31
39399,Young Thug,"Wit Da Racks (feat. 21 Savage, Travis Scott & Yak Gotti)",79,226413,BUSINESS IS BUSINESS,2023-06-23
33249,Lil Uzi Vert,Amped,79,173061,Pink Tape,2023-06-30
45249,Yeat,On tha linë,79,154786,2 Alivë,2022-02-18
45349,boygenius,Cool About It,79,180000,the record,2023-03-31
19199,DJ Khaled,Wild Thoughts (feat. Rihanna & Bryson Tiller),79,204173,Grateful,2017-06-22
33049,Morgan Wallen,I Wrote The Book,79,181766,One Thing At A Time,2023-03-03
49249,Ed Sheeran,Life Goes On (feat. Luke Combs),79,210208,Life Goes On (feat. Luke Combs),2023-05-03
20599,Kodak Black,ZEZE (feat. Travis Scott & Offset),79,228759,Dying to Live,2018-12-14
43049,Gunna,ca$h $hit,79,131493,a Gift & a Curse,2023-06-16
35149,Dustin Lynch,Thinking 'Bout You (feat. MacKenzie Porter),79,170560,Blue In The Sky,2022-02-12
20549,Calvin Harris,Promises (with Sam Smith),79,213309,Promises (with Sam Smith),2018-08-17
41649,"Tyler, The Creator",DOGTOOTH,79,161041,CALL ME IF YOU GET LOST: The Estate Sale,2023-03-31
38349,Yeat,My wrist (with Young Thug),79,190133,My wrist (with Young Thug),2023-05-26
21249,Lilly Wood and The Prick,Prayer in C - Robin Schulz Radio Edit,79,189413,Prayer in C,2014-05-16
38649,Young Thug,Parade on Cleveland (feat. Drake),79,228266,BUSINESS IS BUSINESS,2023-06-23
42149,Icandy,Keep Dat Nigga,79,138945,Keep Dat Nigga,2022-12-19
38299,Gunna,rodeo dr,79,176946,a Gift & a Curse,2023-06-16
40549,SZA,Ghost in the Machine (feat. Phoebe Bridgers),79,218586,SOS,2022-12-09
23249,Calvin Harris,Slide (feat. Frank Ocean & Migos),79,230813,Funk Wav Bounces Vol.1,2017-06-30
39849,Eslabon Armado,HASTA LA MUERTE,79,209902,NOSTALGIA,2022-05-06
14449,50 Cent,In Da Club,79,193466,Get Rich Or Die Tryin',2003-02-06
22249,Galantis,Runaway (U & I),79,227073,Pharmacy,2015-06-05
45749,Metro Boomin,I Can't Save You (Interlude) [with Future & feat. Don Toliver],79,90720,HEROES & VILLAINS,2022-12-02
49699,Don Toliver,Embarrassed (feat. Travis Scott),79,192693,Love Sick (Deluxe),2023-02-28
21749,Dan + Shay,"10,000 Hours (with Justin Bieber)",79,167693,"10,000 Hours (with Justin Bieber)",2019-10-04
21399,Nicky Jam,El Perdón (with Enrique Iglesias),79,205906,Fénix,2017-01-20
37899,Gucci Mane,Bluffin (feat. Lil Baby),79,148302,Bluffin (feat. Lil Baby),2023-06-16
23999,Niall Horan,Slow Hands,79,188174,Flicker (Deluxe),2017-10-20
6849,Logic,1-800-273-8255,79,250173,Everybody,2017-05-05
20799,Jason Derulo,Want to Want Me,79,207719,Everything Is 4,2015-05-29
41999,SZA,Love Language,79,183893,SOS,2022-12-09
44299,Lil Mabu,NO SNITCHING (with Dusty Locane),79,160007,DOUBLE M'S,2022-06-30
37449,Lil Yachty,Strike (Holster),79,148115,Strike (Holster),2023-04-07
6049,Gotye,Somebody That I Used To Know,79,244973,Making Mirrors,2011-01-01
5649,Fifth Harmony,Work from Home (feat. Ty Dolla $ign),79,214480,7/27 (Deluxe),2016-05-27
38749,Walker Hayes,Fancy Like,78,161853,Country Stuff The Album,2022-01-21
24349,Selena Gomez,Back To You - From 13 Reasons Why – Season 2 Soundtrack,78,207904,Back To You (From 13 Reasons Why – Season 2 Soundtrack),2018-05-10
36349,Lil Uzi Vert,The End (feat. BABYMETAL),78,187244,Pink Tape,2023-06-30
5599,J Balvin,Mi Gente,78,185040,Vibras,2018-05-25
34399,ERNEST,Flower Shops (feat. Morgan Wallen),78,214405,FLOWER SHOPS (THE ALBUM),2022-03-11
35899,Rod Wave,Fight The Feeling,78,160714,Fight The Feeling,2023-03-31
34549,Jordan Davis,What My World Spins Around,78,186800,Bluebird Days,2023-02-17
34649,Zach Bryan,The Good I'll Do,78,211315,American Heartbreak,2022-05-20
2,Tones And I,Dance Monkey,78,209438,Welcome To The Madhouse (Deluxe),2021-07-16
10899,Julia Michaels,Issues,78,176320,Nervous System,2017-07-28
34849,Lil Uzi Vert,Died and Came Back,78,180636,Pink Tape,2023-06-30
36699,GloRilla,Tomorrow 2 (with Cardi B),78,209811,"Anyways, Life’s Great…",2022-11-11
45149,Jane Color,Relaxing Brown Noise 256 Hz Smooth Q,78,179470,Relaxing Brown Noise 256 Hz,2022-07-15
8449,"Earth, Wind & Fire",September,78,215093,"The Best Of Earth, Wind & Fire Vol. 1",1978-11-23
35799,Dustin Lynch,Stars Like Confetti,78,194266,Blue In The Sky,2022-02-12
45699,Drake,Major Distribution,78,170501,Her Loss,2022-11-04
46949,Kali Uchis,I Wish you Roses,78,219954,Red Moon In Venus,2023-03-03
47349,Kanii,Heart Racing,78,156106,Heart Racing,2023-05-19
35199,Sam Hunt,Outskirts,78,182706,Outskirts,2023-03-10
49749,Bad Omens,THE DEATH OF PEACE OF MIND,78,241499,THE DEATH OF PEACE OF MIND,2022-02-25
34899,Lil Uzi Vert,Patience (feat. Don Toliver),78,262429,Pink Tape,2023-06-30
37399,Noah Kahan,No Complaints,78,205432,Stick Season (We'll All Be Here Forever),2023-06-09
3049,Queen,Don't Stop Me Now - Remastered 2011,78,209413,Jazz (Deluxe Remastered Version),1978-11-10
41249,$uicideboy$,Matte Black,78,238145,"Sing Me a Lullaby, My Sweet Temptation",2022-07-29
9549,Internet Money,"Lemonade (feat. Gunna, Don Toliver & NAV)",78,195428,B4 The Storm,2020-08-28
42299,Young Thug,Cars Bring Me Out (feat. Future),78,202933,BUSINESS IS BUSINESS,2023-06-23
20349,Lady Gaga,Rain On Me (with Ariana Grande),78,182200,Chromatica,2020-05-29
20299,The Chainsmokers,Roses,78,226738,Roses,2015-06-16
37649,Moneybagg Yo,Ocean Spray,78,164776,Hard To Love,2023-06-02
14799,Jawsh 685,Savage Love (Laxed - Siren Beat),78,171374,Savage Love (Laxed - Siren Beat),2020-06-11
11699,Demi Lovato,Sorry Not Sorry,78,203760,Tell Me You Love Me,2017-09-29
21449,Rae Sremmurd,Black Beatles,78,291893,SremmLife 2 (Deluxe),2016-08-12
14599,Justin Bieber,Intentions (feat. Quavo),78,212866,Changes,2020-02-14
34049,Lil Uzi Vert,"Mama, I’m Sorry",78,210961,Pink Tape,2023-06-30
9749,Lil Mosey,Blueberry Faygo,78,162546,Certified Hitmaker,2020-02-06
12599,The Chainsmokers,Paris,78,221506,Memories...Do Not Open,2017-04-07
14249,Jason Derulo,Swalla (feat. Nicki Minaj & Ty Dolla $ign),78,216408,Swalla (feat. Nicki Minaj & Ty Dolla $ign),2017-02-23
399,Imagine Dragons,Demons,78,175200,Night Visions,2012-09-04
22699,Ed Sheeran,The A Team,78,258373,+,2011-09-09
15149,Lil Wayne,"Sucker for Pain (with Wiz Khalifa, Imagine Dragons, Logic & Ty Dolla $ign feat. X Ambassadors)",78,243490,Sucker for Pain (with Logic & Ty Dolla $ign feat. X Ambassadors),2016-06-24
45499,Drake,Privileged Rappers,78,160821,Her Loss,2022-11-04
33699,Kylie Morgan,If He Wanted To He Would,78,174173,P.S.,2022-07-01
33649,Lil Uzi Vert,Nakamura,78,197900,Pink Tape,2023-06-30
39549,Lil Durk,Never Imagined (feat. Future),77,192000,Almost Healed,2023-05-26
44599,Gucci Mane,06 Gucci (feat. DaBaby & 21 Savage),77,178950,06 Gucci (feat. DaBaby & 21 Savage),2023-03-31
38449,Warren Zeiders,Pretty Little Poison,77,218160,Pretty Little Poison,2023-03-17
36399,Lil Uzi Vert,Fire Alarm (feat. Snow Strippers),77,185167,Pink Tape,2023-06-30
44149,Lil Durk,Pelle Coat,77,253738,Almost Healed,2023-05-26
36499,Lil Uzi Vert,That Fiya,77,154832,Pink Tape,2023-06-30
43799,Ivan Cornejo,J.,77,234613,Dañado,2022-06-02
37499,Zach Bryan,Heavy Eyes,77,190780,American Heartbreak,2022-05-20
15099,Fetty Wap,Trap Queen,77,222093,Fetty Wap (Deluxe),2015-09-25
14499,Jack Ü,Where Are Ü Now (with Justin Bieber),77,250285,Skrillex and Diplo present Jack Ü,2015-02-24
36949,Parmalee,Girl In Mine,77,155120,Girl In Mine,2022-08-12
39099,Carrie Underwood,Out Of That Truck,77,177400,Out Of That Truck,2023-03-10
38849,Zach Bryan,From Austin,77,207453,American Heartbreak,2022-05-20
36299,Lil Uzi Vert,Zoom (Bonus Track),77,166012,Pink Tape,2023-06-30
48599,Flyana Boss,You Wish,77,120015,Make It A Double,2023-06-16
48999,Pharrell Williams,Cash In Cash Out,77,216135,Cash In Cash Out,2022-06-10
47849,Lil Baby,Forever (feat. Fridayy),77,167977,It's Only Me,2022-10-14
20249,Bazzi,Mine,77,131064,COSMIC,2018-04-12
20649,Billie Eilish,bury a friend,77,193143,"WHEN WE ALL FALL ASLEEP, WHERE DO WE GO?",2019-03-29
48199,Juice WRLD,Cigarettes,77,227527,Fighting Demons (Deluxe),2022-03-18
47899,Drake,Broke Boys,77,225439,Her Loss,2022-11-04
42099,Noah Kahan,Paul Revere,77,213313,Stick Season (We'll All Be Here Forever),2023-06-09
3449,Queen,Another One Bites The Dust - Remastered 2011,77,214653,The Game (Deluxe Remastered Version),1980-06-27
41799,Morgan Evans,Over For You,77,185681,Over For You,2022-10-18
21649,Fifth Harmony,Worth It (feat. Kid Ink),77,224573,Reflection (Deluxe),2015-01-30
42699,Jay Eazy,Tomioka,77,137586,Tomioka,2022-07-06
24099,CNCO,Reggaetón Lento (Bailemos),77,222560,Primera Cita,2016-08-26
47699,Gunna,back at it,77,186173,a Gift & a Curse,2023-06-16
41299,Nate Smith,World on Fire,77,189986,NATE SMITH (DELUXE),2023-04-28
22199,Fetty Wap,679 (feat. Remy Boyz),77,196693,679 (feat. Remy Boyz),2015-06-29
40149,Zach Bryan,Fifth of May,77,178151,The Greatest Day of My Life,2022-11-11
47399,Lil Yachty,drive ME crazy!,77,229804,Let’s Start Here.,2023-01-27
22599,fun.,We Are Young (feat. Janelle Monáe),77,250626,Some Nights,2012-02-21
2749,Justin Timberlake,"CAN'T STOP THE FEELING! (from DreamWorks Animation's ""TROLLS"")",77,237546,TROLLS (Original Motion Picture Soundtrack),2016-09-23
40299,Corey Kent,Wild as Her,77,199733,Wild as Her,2022-03-04
10099,Hailee Steinfeld,Starving,77,181880,Starving,2016-07-22
35349,Lil Uzi Vert,All Alone,77,222618,Pink Tape,2023-06-30
11649,Pedro Capó,Calma - Remix,77,238200,Calma (Remix),2018-10-05
44799,Luke Combs,Love You Anyway,77,229626,Love You Anyway,2023-02-10
5349,KAROL G,Tusa,77,201920,KG0516,2021-03-26
6299,Ed Sheeran,Beautiful People (feat. Khalid),77,197866,No.6 Collaborations Project,2019-07-12
46299,Young Thug,Want Me Dead (feat. 21 Savage),77,194706,BUSINESS IS BUSINESS,2023-06-23
6899,Bebe Rexha,Meant to Be (feat. Florida Georgia Line),77,163870,All Your Fault: Pt. 2,2017-08-11
4149,The Weeknd,I Feel It Coming,77,269186,Starboy,2016-11-24
42999,Moneybagg Yo,Keep It Low (feat. Future),77,142451,Hard To Love,2023-06-02
10699,Sam Smith,Dancing With A Stranger (with Normani),77,171029,Dancing With A Stranger (with Normani),2019-01-11
4049,DJ Snake,"Taki Taki (feat. Selena Gomez, Ozuna & Cardi B)",77,212500,Carte Blanche,2019-07-25
46999,LECADE,When Im Gone,76,130685,When Im Gone,2022-05-27
39599,Lainey Wilson,Watermelon Moonshine,76,208853,Watermelon Moonshine,2022-08-12
45999,Peso Pluma,RUBICON,76,238447,GÉNESIS,2023-06-29
46349,Peso Pluma,LAGUNAS,76,231246,GÉNESIS,2023-06-29
40099,Chris Young,Looking for You,76,179973,Looking for You + All Dogs Go to Heaven,2023-01-13
45799,Young Thug,Hellcat Kenny (feat. Lil Uzi Vert),76,154466,BUSINESS IS BUSINESS,2023-06-23
44549,Kane Brown,Bury Me in Georgia - Single Edit,76,170682,Bury Me in Georgia,2023-03-31
47249,Noah Kahan,Homesick,76,194416,Stick Season,2022-10-14
43949,Noah Kahan,All My Love,76,251510,Stick Season,2022-10-14
40649,Hozier,Eat Your Young,76,242293,Eat Your Young,2023-03-17
44099,Noah Kahan,"Your Needs, My Needs",76,207880,Stick Season (We'll All Be Here Forever),2023-06-09
43299,Morgan Wallen,I Deserve A Drink,76,206137,One Thing At A Time,2023-03-03
48899,Nardo Wick,Hot Boy (feat. Lil Baby),76,169893,Hot Boy (feat. Lil Baby),2023-03-31
44699,Peso Pluma,VVS,76,162676,GÉNESIS,2023-06-29
48849,Noah Kahan,Northern Attitude,76,267256,Stick Season,2022-10-14
44999,Tyler Hubbard,5 Foot 9,76,189780,5 Foot 9,2022-05-20
43499,YoungBoy Never Broke Again,Bitch Let's Do It,76,185117,Richest Opp,2023-05-12
43599,Josh Ross,Trouble,76,214798,Trouble,2023-01-04
43099,Justin Moore,"You, Me, And Whiskey",76,187941,"You, Me, And Whiskey",2022-10-07
42949,Morgan Wallen,Neon Star (Country Boy Lullaby),76,171495,One Thing At A Time,2023-03-03
43749,Thomas Rhett,Angels (Don’t Always Have Wings),76,200426,Angels (Don’t Always Have Wings),2023-01-20
48749,Xavier Wulf,First Light,76,131181,Blood Shore Season 3,2022-10-18
42399,Zach Bryan,Motorcycle Drive By,76,161799,Summertime Blues,2022-07-15
41899,Noah Thompson,One Day Tonight,76,165508,One Day Tonight,2022-05-13
43249,Ingrid Andress,Feel Like This,76,196162,Good Person,2022-08-26
41149,Miranda Lambert,I'll Be Lovin' You,76,189173,Palomino,2022-04-29
41099,Morgan Wallen,Whiskey Friends,76,205579,One Thing At A Time,2023-03-03
41049,Florida Georgia Line,Up Down,76,198120,Greatest Hits,2022-11-09
46699,Sexyy Red,Pound Town 2 (feat. Nicki Minaj & Tay Keith),76,194047,Pound Town 2 (feat. Nicki Minaj & Tay Keith),2023-05-26
49999,Kodak Black,Love & War,76,239146,Back For Everything,2022-02-25
39249,Wyatt Flores,Please Don't Go,76,181498,Please Don't Go,2022-07-15
15599,Maroon 5,"Moves Like Jagger - Studio Recording From ""The Voice"" Performance",76,201160,Hands All Over,2010
26,Queen,Bohemian Rhapsody - Remastered 2011,76,354320,A Night At The Opera (Deluxe Remastered Version),1975-11-21
20699,A Great Big World,Say Something,76,229400,Is There Anybody Out There?,2014-01-20
2899,Imagine Dragons,Radioactive,76,186813,Night Visions,2012-09-04
19899,Drake,Toosie Slide,76,247058,Toosie Slide,2020-04-03
19799,JP Saxe,If the World Was Ending (feat. Julia Michaels),76,209493,Dangerous Levels of Introspection,2021-06-25
5149,Clean Bandit,Rockabye (feat. Sean Paul & Anne-Marie),76,251173,What Is Love? (Deluxe Edition),2018-11-30
5499,The Weeknd,Earned It (Fifty Shades Of Grey),76,277680,Beauty Behind The Madness,2015-08-28
1099,Mike Posner,I Took A Pill In Ibiza - Seeb Remix,76,197933,"At Night, Alone.",2016-05-06
39199,Parker McCollum,Burn It Down,76,233869,Never Enough,2023-05-12
38049,Lil Uzi Vert,CS,76,212040,Pink Tape,2023-06-30
13049,Future,Life Is Good (feat. Drake),76,237918,High Off Life,2020-05-15
24399,Zara Larsson,Never Forget You,76,213427,So Good,2017-03-17
7399,Tyga,Taste (feat. Offset),76,229210,Legendary,2019-06-07
11299,Farruko,Pepas,76,287120,La 167,2021-10-01
7599,Bastille,Pompeii,76,214147,Bad Blood,2013-01-01
24799,Shawn Mendes,In My Blood,76,211360,Shawn Mendes,2018-05-25
46049,Parker McCollum,Handle On You,75,219333,Handle On You,2022-08-05
48049,Josh Meloy,Porch Light,75,184949,Porch Light,2022-11-18
47999,OHGEESY,GEEKALEEK (feat. Cash Kidd),75,146285,GEEKALEEK (feat. Cash Kidd),2023-02-03
1599,Luis Fonsi,Despacito - Remix,75,228826,Despacito Feat. Justin Bieber (Remix),2017-04-17
47799,CHASE WRIGHT,Hurt No More,75,176780,Hurt No More,2022-10-14
47049,Zach Bryan,All the Time,75,199500,Summertime Blues,2022-07-15
47099,Nardo Wick,Dah Dah DahDah,75,151776,Who is Nardo Wick?? (Deluxe),2022-07-22
14149,Rihanna,Umbrella,75,275986,Good Girl Gone Bad,2007-01-01
46899,Corey Kent,Something's Gonna Kill Me,75,183680,Something's Gonna Kill Me,2023-04-14
46799,Tyler Childers,Way of the Triune God - Hallelujah Version,75,208813,Can I Take My Hounds to Heaven?,2022-09-30
899,Alan Walker,Faded,75,212626,Faded,2015-12-04
43849,Lainey Wilson,Heart Like A Truck,75,199040,Bell Bottom Country,2022-11-28
7149,Queen,Under Pressure - Remastered 2011,75,248440,Hot Space (Deluxe Remastered Version),1982-05-03
44049,Russell Dickerson,God Gave Me A Girl,75,187226,Russell Dickerson,2022-11-04
46099,Dalton Dover,Giving Up On That,75,211533,Giving Up On That,2023-02-17
46599,Morgan Wallen,Born With A Beer In My Hand,75,188523,One Thing At A Time,2023-03-03
45199,Tanner Adell,Love You a Little Bit,75,210813,Love You a Little Bit,2022-06-27
24999,Jonas Blue,Rise,75,194407,Blue,2018-11-09
24049,Wisin,Escápate Conmigo (feat. Ozuna),75,232786,Victory,2017-12-01
40199,Lil Uzi Vert,Of Course (Bonus Track),75,208966,Pink Tape,2023-06-30
39899,Lil Uzi Vert,Days Come and Go,75,257673,Pink Tape,2023-06-30
49899,Ivan Cornejo,Está Dañado,75,201194,Dañado,2022-06-02
20399,Metallica,Nothing Else Matters (Remastered),74,388733,Metallica (Remastered),1991-08-12
6549,David Guetta,Titanium (feat. Sia),74,245040,Nothing but the Beat 2.0,2011-08-24
24599,Khalid,Talk (feat. Disclosure),74,197573,Free Spirit,2019-04-05
15999,Queen,We Will Rock You - Remastered 2011,74,122066,News Of The World (Deluxe Remastered Version),1977-10-28
23299,KYLE,iSpy (feat. Lil Yachty),74,253106,iSpy (feat. Lil Yachty),2016-12-02
49649,Cole Swindell,Drinkaby,74,182893,Drinkaby,2023-01-27
49599,Chase Matthew,Love You Again,74,173636,Love You Again,2022-12-09
3749,Sia,Chandelier,74,216120,1000 Forms Of Fear (Deluxe Version),2015-05-04
40899,Lil Uzi Vert,Rehab,74,245070,Pink Tape,2023-06-30
49549,Lil Durk,Grandson (feat. Kodak Black),74,140800,Almost Healed,2023-05-26
49949,Conner Smith,Creek Will Rise,74,169293,Creek Will Rise,2023-02-24
21699,Sam Smith,How Do You Sleep?,74,202204,How Do You Sleep?,2019-07-19
48349,Kameron Marlowe,Over Now,74,221733,We Were Cowboys,2022-08-26
48099,Kassi Ashton,Drive You Out Of My Mind,74,212360,Drive You Out Of My Mind,2023-02-24
8349,Elton John,Cold Heart - PNAU Remix,74,202735,The Lockdown Sessions,2021-10-22
1299,Ed Sheeran & Justin Bieber,I Don't Care (with Justin Bieber),74,219946,No.6 Collaborations Project,2019-07-12
49299,Peso Pluma,CARNAL,74,174522,GÉNESIS,2023-06-29
12499,Masked Wolf,Astronaut In The Ocean,73,132780,Astronomical,2021-09-10
23949,Enrique Iglesias,Bailando - Spanish Version,73,243413,SEX AND LOVE (Deluxe),2014-01-01
14749,Billie Eilish,ocean eyes,73,200560,Ocean Eyes,2016-11-18
46549,David J. Dove,David J. Dove is a CovRrr,73,104613,David J. Dove is a CovRrr,2023-03-31
12649,Anuel AA,China,73,301714,Emmanuel,2020-05-29
22749,Imagine Dragons,On Top Of The World,73,189840,Night Visions (Deluxe),2012-09-04
49149,Peso Pluma,NUEVA VIDA,73,190680,GÉNESIS,2023-06-29
44949,Lil Uzi Vert,Shardai (Bonus Track),73,201344,Pink Tape,2023-06-30
9799,Desiigner,Panda,73,246761,New English,2016-06-26
49399,The Weeknd,"False Idols (with Lil Baby, Suzanna Son)",73,262229,The Idol Episode 5 Part 1 (Music from the HBO Original Series),2023-06-30
19849,Dire Straits,Sultans of Swing,72,350400,Dire Straits,1978-10-07
24649,Becky G,Sin Pijama,72,190160,MALA SANTA,2019-10-18
13199,James Bay,Let It Go,72,260533,Chaos And The Calm,2014-12-15
2999,Charlie Puth,We Don't Talk Anymore (feat. Selena Gomez),72,217706,Nine Track Mind,2016-01-29
1149,Tom Odell,Another Love,72,244360,Long Way Down,2013-09-17
7299,Maroon 5,Payphone,72,231386,Overexposed,2021-06-20
4349,Major Lazer,Cold Water,72,185360,Cold Water,2016-07-22
23599,Maggie Lindemann,Pretty Girl - Cheat Codes X CADE Remix,72,193613,Pretty Girl (Cheat Codes X CADE Remix),2017-03-02
15849,Jonas Blue,Fast Car,72,212424,Fast Car,2015-12-04
11799,The Script,Hall of Fame (feat. will.i.am),72,202533,#3,2012-09-10
23449,Big Sean,Bounce Back,72,222360,I Decided.,2017-02-03
13499,Wham!,Last Christmas,72,262960,LAST CHRISTMAS,1984-11-29
21299,Galantis,No Money,71,189126,No Money,2016-04-01
3399,OMI,Cheerleader - Felix Jaehn Remix Radio Edit,71,180560,Me 4 U,2015-10-16
6099,Kygo,It Ain’t Me (with Selena Gomez),70,220780,It Ain't Me,2017-02-17
19649,Clean Bandit,Solo (feat. Demi Lovato),70,222706,What Is Love? (Deluxe Edition),2018-11-30
18549,Macklemore & Ryan Lewis,Thrift Shop (feat. Wanz),70,235613,Thrift Shop (feat. Wanz),2012-08-01
4799,ZAYN,I Don’t Wanna Live Forever (Fifty Shades Darker),70,245653,Fifty Shades Darker (Original Motion Picture Soundtrack),2017-02-10
11049,Maroon 5,What Lovers Do (feat. SZA),69,199849,Red Pill Blues (Deluxe),2018-06-15
16049,Creedence Clearwater Revival,Have You Ever Seen The Rain,69,160333,Pendulum,1970-12-07
7249,Mariah Carey,All I Want for Christmas Is You,69,241106,Merry Christmas,1994-10-28
6399,Beyoncé,Halo,69,261640,I AM...SASHA FIERCE,2008-11-14
2499,Maroon 5,Girls Like You (feat. Cardi B) - Cardi B Version,69,235545,Red Pill Blues (Deluxe),2018-06-15
22849,DRAM,Broccoli,69,225205,Broccoli,2016-04-06
7749,DJ Khaled,"I'm the One (feat. Justin Bieber, Quavo, Chance the Rapper & Lil Wayne)",68,288876,Grateful,2017-06-22
24299,Luis Fonsi,Échame La Culpa,66,173720,Échame La Culpa,2017-11-17
21149,Starley,Call on Me - Ryan Riback Remix,66,222040,Call On Me (Remixes),2016-10-18
28,Hozier,Take Me to Church,66,241693,Hozier,2014-10-07
10449,Clean Bandit,Rather Be (feat. Jess Glynne),65,227833,New Eyes,2014-06-02
24899,Lizzo,Truth Hurts,64,173325,Cuz I Love You (Deluxe),2019-05-03
13299,Red Hot Chili Peppers,Californication,63,329733,Californication,1999-06-08
17349,Rudimental,"These Days (feat. Jess Glynne, Macklemore & Dan Caplen)",63,211760,Toast to Our Differences (Deluxe Edition),2019-01-25
23549,Cheat Codes,No Promises (feat. Demi Lovato),62,222786,No Promises (feat. Demi Lovato),2017-03-31
12,Glass Animals,Heat Waves,60,238805,Dreamland (+ Bonus Levels),2020-08-06
23749,Cardi B,Bodak Yellow,60,223962,Bodak Yellow,2017-06-16
21799,Robin Thicke,Blurred Lines,60,263053,Blurred Lines,2013-01-01
8,The Chainsmokers,Closer,55,245506,Collage EP,2016-11-04
40,Avicii,Wake Me Up,55,249693,Wake Me Up,2013-07-30
23849,Jonas Blue,Mama,54,181614,Jonas Blue: Electronic Nature - The Mix 2017,2017-07-14
16249,Carly Rae Jepsen,Call Me Maybe,54,193466,Call Me Maybe,2012-01-01
949,The Chainsmokers,Don't Let Me Down,53,208666,Collage EP,2016-11-04
22099,George Ezra,Budapest,52,202120,Did You Hear the Rain?,2013-11-03
5849,Future,Mask Off,51,204600,FUTURE,2017-08-04
12699,Red Hot Chili Peppers,Under the Bridge,50,264306,Blood Sugar Sex Magik,1991-09-24
21549,Felix Jaehn,Ain't Nobody (Loves Me Better),49,186146,Ain't Nobody (Loves Me Better),2015-04-03
7549,Bruno Mars,Locked out of Heaven,48,233478,Unorthodox Jukebox,2012-12-10
23049,Eminem,Rap God,47,363521,The Marshall Mathers LP2,2013-11-05
11449,Milky Chance,Stolen Dance,45,313684,Sadnecessary,2014-06-20
13649,JAY-Z,Ni**as In Paris,44,219333,Watch The Throne (Deluxe),2011-08-08
20749,Jonas Blue,Perfect Strangers,42,195313,Jonas Blue: Electronic Nature - The Mix 2017,2017-07-14
1249,Sam Smith,Too Good At Goodbyes,38,201000,The Thrill Of It All (Special Edition),2017-11-03
7,The Kid LAROI,STAY (with Justin Bieber),32,141805,F*CK LOVE 3: OVER YOU,2021-07-23
19349,GAYLE,abcdefu,30,168551,a study of the human experience volume one,2022-03-18
16899,Rihanna,Diamonds,23,225146,Unapologetic (Deluxe Version),2013-01-01
21099,Kygo,Stole the Show,22,222801,Stole the Show,2015-03-23
18299,Kygo,Firestone,21,273684,Firestone,2015-06-24
8949,Bad Bunny,MIA (feat. Drake),19,210367,MIA (feat. Drake),2018-10-11
20949,BlocBoy JB,Look Alive (feat. Drake),15,181263,Look Alive (feat. Drake),2018-02-09
2299,Lauv,I Like Me Better,14,197436,I met you when I was 18. (the playlist),2018-05-31
21999,Avicii,Hey Brother,13,255093,True,2013-09-13
14199,Snow Patrol,Chasing Cars,12,267933,Eyes Open,2006-01-01
23099,Avicii,Levels - Radio Edit,12,199903,Levels,2011-01-01
2199,J. Cole,No Role Modelz,11,292986,2014 Forest Hills Drive,2014-12-09
699,The Killers,Mr. Brightside,9,222586,Hot Fuss,2004-06-15
14549,Imagine Dragons,Enemy (with JID) - from the series Arcane League of Legends,9,173381,Mercury - Act 1,2021-09-03
15199,21 Savage,Bank Account,7,220306,Issa Album,2017-09-23
11399,Juice WRLD,Robbery,6,240050,Death Race For Love,2019-03-08
23399,Migos,Bad and Boujee (feat. Lil Uzi Vert),6,343150,Culture,2017-04-07
15649,BTS,Boy With Luv (feat. Halsey),5,229773,MAP OF THE SOUL : PERSONA,2019-04-12
15699,Black Eyed Peas,I Gotta Feeling,4,289133,THE E.N.D. (THE ENERGY NEVER DIES),2009-01-01
22549,Ariana Grande,Dangerous Woman,4,235946,Dangerous Woman,2016-05-20
4249,Adele,Hello,3,295493,25,2016-06-24
21349,Mr. Probz,Waves - Robin Schulz Radio Edit,3,208133,Waves (Robin Schulz Radio Edit),2014-02-07
22049,Drake,"Hold On, We're Going Home",3,227880,Nothing Was The Same (Deluxe),2013-01-01
8849,Alessia Cara,Scars To Your Beautiful,3,230226,Know-It-All (Deluxe),2015-11-13
6799,Ariana Grande,Side To Side,3,226160,Dangerous Woman,2016-05-20
22299,Adele,Send My Love (To Your New Lover),2,223080,25,2016-06-24
12849,Radiohead,Creep,2,238640,Pablo Honey,1993-02-22
16849,Adele,Set Fire to the Rain,2,241693,21,2011-01-19
3599,The Weeknd,Can't Feel My Face,2,213520,Beauty Behind The Madness,2015-08-28
3199,Adele,Someone Like You,2,285040,21,2011-01-19
11199,Ariana Grande,Into You,2,244453,Dangerous Woman,2016-05-20
14649,Adele,When We Were Young,2,290906,25,2016-06-24
6,Drake,One Dance,2,173986,Views,2016-05-13
6449,Childish Gambino,Redbone,1,326933,"""Awaken, My Love!""",2016-12-02
41,The Weeknd,The Hills,1,242253,Beauty Behind The Madness,2015-08-28
9,Imagine Dragons,Believer,1,204346,Evolve,2017-06-23
2249,Wiz Khalifa,See You Again (feat. Charlie Puth),1,229525,See You Again (feat. Charlie Puth),2015-03-10
20,Juice WRLD,Lucid Dreams,1,239835,Goodbye & Good Riddance,2018-05-23
20199,Drake,Too Good,1,263373,Views,2016-05-13
6599,Adele,Rolling in the Deep,1,228293,21,2011-01-19
22349,Justin Timberlake,Mirrors,0,485360,Mirrors,2013-02-11
33,Imagine Dragons,Thunder,0,187146,Evolve,2017-06-23
37,OneRepublic,Counting Stars,0,257279,Native (Deluxe),2013-03-26
23149,Edward Sharpe & The Magnetic Zeros,Home,0,303200,Up From Below,2009-07-14
22499,Of Monsters and Men,Little Talks,0,267693,Into The Woods,2011-01-01
599,Major Lazer,Lean On (feat. MØ & DJ Snake),0,176561,Peace Is The Mission,2015-06-01
22899,M83,Midnight City,0,243960,Hurry Up We're Dreaming,2011-10-18
46,Passenger,Let Her Go,0,252733,All the Little Lights,2012-06-29
24199,Shaggy,It Wasn't Me,0,227600,Hot Shot,2000-08-08
23199,A$AP Rocky,"F**kin' Problems (feat. Drake, 2 Chainz & Kendrick Lamar)",0,233786,LONG.LIVE.A$AP (Deluxe Version),2013-01-11
349,Shawn Mendes,Treat You Better,0,187973,Illuminate (Deluxe),2016-09-23
10399,Kanye West,Stronger,0,311866,Graduation,2007-09-11
749,SAINt JHN,Roses - Imanbek Remix,0,176218,Roses (Imanbek Remix),2019-09-13
19549,Kungs,This Girl (Kungs Vs. Cookin' On 3 Burners),0,195561,This Girl (Kungs Vs. Cookin' On 3 Burners),2016-02-19
11099,Shawn Mendes,Mercy,0,208733,Illuminate (Deluxe),2016-09-23
9499,Rihanna,Needed Me,0,191600,ANTI,2016-01-28
9299,Pharrell Williams,"Happy - From ""Despicable Me 2""",0,233293,"Happy (From ""Despicable Me 2"")",2014-01-22
7499,Rihanna,Work,0,219320,ANTI (Deluxe),2016-01-28
14899,Calvin Harris,We Found Love (feat. Rihanna),0,215520,18 Months,2012-10-29
15499,P!nk,Just Give Me a Reason,0,242733,The Truth About Love,2012-09-17
4899,Sam Smith,I'm Not The Only One,0,239316,In The Lonely Hour,2014-01-01
17149,Imagine Dragons,Whatever It Takes,0,201240,Evolve,2017-06-23
17899,The Lumineers,Ho Hey,0,163133,The Lumineers,2012-04-03
19749,DJ Snake,Middle,0,220573,Middle,2015-10-16
1049,Arctic Monkeys,Do I Wanna Know?,0,272394,AM,2013-09-09
20099,One Direction,Drag Me Down,0,192106,Drag Me Down,2015-07-31
20499,Liam Payne,Strip That Down,0,204502,Strip That Down,2017-05-18
9899,Major Lazer,Light It Up (feat. Nyla & Fuse ODG) [Remix],0,166138,Peace Is The Mission (Extended),2015-11-27
1849,Oasis,Wonderwall - Remastered,0,258732,(What's The Story) Morning Glory? (Deluxe Edition) [Remastered],1995-10-02
20899,Post Malone,Candy Paint,0,229573,Candy Paint,2017-10-20
20999,Guns N' Roses,Welcome To The Jungle,0,273600,Appetite For Destruction,1987-07-21
21049,Drake,Fake Love,0,207813,Fake Love,2016-10-24
21199,Ed Sheeran,I See Fire,0,299146,x (Deluxe Edition),2014-06-21
21949,Iggy Azalea,Fancy,0,199938,Fancy,2014-01-01
11749,Travis Scott,BUTTERFLY EFFECT,0,190677,BUTTERFLY EFFECT,2017-05-18
